transaction_id,user_id,risk_tier,transaction_amount,transaction_date,merchant_id,has_cbk,account_cards,account_tx,account_cbk_rate
21323127,34548,C - watchlist,241.1,2019-11-12T21:47:21.506873,33192,False,6,6,0.0
21323058,34548,C - watchlist,30.37,2019-11-15T15:42:57.017945,33192,False,6,6,0.0
21322795,34548,C - watchlist,204.43,2019-11-18T18:55:00.623996,33192,False,6,6,0.0
21322578,34548,C - watchlist,455.27,2019-11-21T15:42:08.588252,33192,False,6,6,0.0
21321908,34548,C - watchlist,325.54,2019-11-23T17:22:18.582230,33192,False,6,6,0.0
21321630,34548,C - watchlist,633.06,2019-11-26T11:34:02.112442,33192,False,6,6,0.0
21322818,67245,C - watchlist,20.4,2019-11-18T17:26:28.550985,704,False,5,5,0.0
21321157,67245,C - watchlist,1257.51,2019-11-28T23:55:39.206551,704,False,5,5,0.0
21321146,67245,C - watchlist,1010.73,2019-11-29T00:19:53.781982,704,False,5,5,0.0
21321004,67245,C - watchlist,966.1,2019-11-29T16:31:39.121491,704,False,5,5,0.0
21320940,67245,C - watchlist,251.23,2019-11-29T18:40:00.043724,704,False,5,5,0.0
21323527,18205,C - watchlist,462.26,2019-11-03T19:36:49.781828,828,False,4,4,0.0
21323051,18205,C - watchlist,661.0,2019-11-15T18:23:56.472822,828,False,4,4,0.0
21322682,10241,C - watchlist,139.56,2019-11-19T21:46:13.468939,68953,False,4,5,0.2
21322157,10241,C - watchlist,1522.16,2019-11-22T20:47:14.403260,68953,False,4,5,0.2
21321585,10241,C - watchlist,2037.67,2019-11-26T16:09:11.834294,68953,False,4,5,0.2
21321449,10241,C - watchlist,867.03,2019-11-27T22:56:46.461595,68953,False,4,5,0.2
21321086,7281,C - watchlist,10.82,2019-11-29T13:08:17.941398,38901,False,4,4,0.25
21321078,18205,C - watchlist,1554.33,2019-11-29T13:28:00.910495,41032,False,4,4,0.0
21320917,18205,C - watchlist,216.25,2019-11-29T19:36:39.858281,828,False,4,4,0.0
21320886,7281,C - watchlist,50.76,2019-11-29T20:55:26.353097,38901,False,4,4,0.25
21320866,7281,C - watchlist,334.78,2019-11-29T21:53:48.336287,38901,True,4,4,0.25
21320864,7281,C - watchlist,286.52,2019-11-29T22:06:23.490913,38901,False,4,4,0.25
21320659,23204,C - watchlist,898.01,2019-11-30T17:37:13.322109,5753,False,4,4,0.0
21320654,23204,C - watchlist,968.03,2019-11-30T18:00:35.399667,5753,False,4,4,0.0
21320637,23204,C - watchlist,1083.22,2019-11-30T18:48:37.256590,5753,False,4,4,0.0
21320625,23204,C - watchlist,306.83,2019-11-30T19:06:07.467380,5753,False,4,4,0.0
21320441,10241,C - watchlist,2507.78,2019-12-01T18:30:00.099776,68953,True,4,5,0.2
21322637,68468,C - watchlist,670.31,2019-11-20T18:10:21.387609,72386,False,3,3,0.0
21322457,27939,C - watchlist,1177.96,2019-11-21T23:10:35.607471,38388,False,3,3,0.0
21322253,27939,C - watchlist,1332.5,2019-11-22T17:45:34.036470,38388,False,3,3,0.0
21322186,27939,C - watchlist,3066.53,2019-11-22T19:40:00.092535,38388,False,3,3,0.0
21322084,13001,C - watchlist,10.77,2019-11-23T00:21:30.841042,68380,False,3,4,0.0
21322038,13001,C - watchlist,10.91,2019-11-23T11:49:06.217784,68380,False,3,4,0.0
21322036,13001,C - watchlist,10.55,2019-11-23T11:53:17.948760,68380,False,3,4,0.0
21321754,81594,C - watchlist,10.21,2019-11-23T23:51:08.438314,60526,False,3,3,0.0
21321732,63952,C - watchlist,316.16,2019-11-24T01:15:48.924927,26981,False,3,3,0.0
21321544,63952,C - watchlist,217.36,2019-11-26T21:20:29.275019,26981,False,3,3,0.0
21321528,81594,C - watchlist,20.19,2019-11-26T23:22:20.617334,60526,False,3,3,0.0
21321444,81594,C - watchlist,70.41,2019-11-27T23:50:25.619157,60526,False,3,3,0.0
21321402,63952,C - watchlist,255.37,2019-11-28T13:41:37.286584,26981,False,3,3,0.0
21321227,68468,C - watchlist,1012.49,2019-11-28T20:34:38.861675,72386,False,3,3,0.0
21320903,13001,C - watchlist,501.49,2019-11-29T20:07:38.909268,68380,False,3,4,0.0
21320605,68468,C - watchlist,752.42,2019-11-30T19:54:46.906289,72386,False,3,3,0.0
21323440,2866,C - watchlist,314.51,2019-11-06T00:01:37.721034,43078,False,2,3,0.0
21323213,2866,C - watchlist,168.38,2019-11-10T23:36:22.541413,43078,False,2,3,0.0
21323212,2866,C - watchlist,165.82,2019-11-10T23:42:41.103589,43078,False,2,3,0.0
21323195,49106,C - watchlist,3921.55,2019-11-11T15:50:26.701473,36929,False,2,7,0.0
21323192,49106,C - watchlist,4024.23,2019-11-11T16:01:07.627302,36929,False,2,7,0.0
21323190,49106,C - watchlist,4031.43,2019-11-11T16:22:19.646575,36929,False,2,7,0.0
21323189,49106,C - watchlist,4043.43,2019-11-11T16:22:55.617237,36929,False,2,7,0.0
21323178,49106,C - watchlist,3906.52,2019-11-11T17:54:27.781391,36929,False,2,7,0.0
21323174,49106,C - watchlist,4077.07,2019-11-11T18:26:42.237228,36929,False,2,7,0.0
21323167,49106,C - watchlist,1583.22,2019-11-11T19:31:25.367741,36929,False,2,7,0.0
21323154,57594,C - watchlist,2771.39,2019-11-11T23:14:56.480571,17348,False,2,3,0.333
21323153,57594,C - watchlist,2821.35,2019-11-11T23:20:43.945517,17348,False,2,3,0.333
21322787,57594,C - watchlist,1049.4,2019-11-18T19:33:50.108326,53041,True,2,3,0.333
21320865,6538,C - watchlist,50.12,2019-11-29T22:03:22.842522,5404,False,2,3,0.0
21320853,6538,C - watchlist,1268.19,2019-11-29T22:52:27.632595,5404,False,2,3,0.0
21320568,6538,C - watchlist,1369.99,2019-11-30T22:00:08.747242,5404,False,2,3,0.0
21323594,84486,C - watchlist,1.55,2019-11-01T10:23:50.555604,57997,False,1,3,0.0
21323533,24027,C - watchlist,2079.92,2019-11-03T17:02:15.187624,8942,True,1,1,1.0
21323513,62541,C - watchlist,28.47,2019-11-04T10:31:04.670986,32901,False,1,3,0.0
21323512,62541,C - watchlist,64.71,2019-11-04T11:20:41.526957,32901,False,1,3,0.0
21323511,62541,C - watchlist,65.35,2019-11-04T11:22:22.321651,32901,False,1,3,0.0
21323461,40779,C - watchlist,3013.12,2019-11-05T11:46:41.782101,30121,False,1,6,0.0
21323459,40779,C - watchlist,3197.53,2019-11-05T11:51:43.675010,30121,False,1,6,0.0
21323443,40779,C - watchlist,3111.74,2019-11-05T21:34:31.558877,30121,False,1,6,0.0
21323442,40779,C - watchlist,1866.69,2019-11-05T21:43:55.930462,30121,False,1,6,0.0
21323415,69973,C - watchlist,2507.5,2019-11-07T17:12:11.440166,70899,True,1,1,1.0
21323310,40595,C - watchlist,3919.96,2019-11-09T13:52:53.348890,49919,True,1,1,1.0
21323277,11858,C - watchlist,3988.01,2019-11-09T20:48:27.593417,49919,True,1,1,1.0
21323230,13793,C - watchlist,3958.51,2019-11-10T17:51:38.541924,91972,True,1,1,1.0
21323221,70457,C - watchlist,3942.48,2019-11-10T19:47:06.354966,49919,True,1,1,1.0
21323156,60263,C - watchlist,2143.25,2019-11-11T22:53:19.276847,91972,True,1,1,1.0
21323152,50699,C - watchlist,4023.15,2019-11-11T23:40:04.336819,23017,True,1,1,1.0
21323043,43913,C - watchlist,3924.63,2019-11-15T19:55:21.008422,49919,True,1,1,1.0
21323032,8761,C - watchlist,3986.64,2019-11-15T23:02:24.682530,91972,True,1,1,1.0
21323012,97150,C - watchlist,154.16,2019-11-16T13:23:56.928792,11973,True,1,1,1.0
21322965,84486,C - watchlist,1.22,2019-11-17T08:40:43.924601,57997,False,1,3,0.0
21322948,31561,C - watchlist,4091.83,2019-11-17T14:15:08.661810,17304,False,1,3,0.0
21322855,84486,C - watchlist,1.92,2019-11-18T14:39:31.744189,57997,False,1,3,0.0
21322846,31561,C - watchlist,4007.9,2019-11-18T15:17:29.431258,17304,False,1,3,0.0
21322721,27987,C - watchlist,571.76,2019-11-19T15:43:10.164444,45399,True,1,1,1.0
21322700,38734,C - watchlist,1806.62,2019-11-19T19:11:31.225458,7535,True,1,1,1.0
21322671,85897,C - watchlist,2526.02,2019-11-19T23:32:33.929594,94053,True,1,1,1.0
21322654,96972,C - watchlist,3015.83,2019-11-20T14:36:14.706005,91972,True,1,1,1.0
21322652,96576,C - watchlist,579.72,2019-11-20T15:01:03.308491,74450,True,1,1,1.0
21322638,95855,C - watchlist,351.24,2019-11-20T17:46:44.568691,31960,False,1,3,0.0
21322633,58709,C - watchlist,2738.67,2019-11-20T20:26:36.531384,65330,True,1,1,1.0
21322605,95855,C - watchlist,219.58,2019-11-21T12:17:27.563977,31960,False,1,3,0.0
21322576,81642,C - watchlist,303.71,2019-11-21T16:00:42.788308,54572,True,1,1,1.0
21322557,61415,C - watchlist,1856.42,2019-11-21T17:23:32.384281,81894,True,1,1,1.0
21322552,31561,C - watchlist,2463.69,2019-11-21T17:49:45.526805,17304,False,1,3,0.0
21322540,39334,C - watchlist,3583.84,2019-11-21T18:28:03.574360,9292,True,1,1,1.0
21322494,33071,C - watchlist,203.12,2019-11-21T20:54:03.801266,77233,False,1,3,0.0
21322477,83826,C - watchlist,563.26,2019-11-21T21:47:28.826656,25199,True,1,1,1.0
21322455,38890,C - watchlist,4017.96,2019-11-21T23:18:13.542494,91972,True,1,1,1.0
21322438,19199,C - watchlist,10.87,2019-11-22T00:12:21.333674,1017,True,1,1,1.0
21322415,43108,C - watchlist,980.74,2019-11-22T02:34:32.822771,96692,True,1,1,1.0
21322351,45031,C - watchlist,249.0,2019-11-22T14:23:13.949391,84902,True,1,1,1.0
21322245,17507,C - watchlist,608.0,2019-11-22T17:56:43.858222,38337,True,1,1,1.0
21322198,900,C - watchlist,1346.26,2019-11-22T19:15:41.109970,53041,True,1,1,1.0
21322180,84071,C - watchlist,920.95,2019-11-22T20:04:23.291757,36700,True,1,1,1.0
21322177,70465,C - watchlist,2128.87,2019-11-22T20:11:09.101066,53041,True,1,1,1.0
21322104,61047,C - watchlist,1047.06,2019-11-22T22:56:40.232704,8787,True,1,1,1.0
21322098,16644,C - watchlist,4055.58,2019-11-22T23:19:26.928824,36700,True,1,1,1.0
21322078,23916,C - watchlist,1754.77,2019-11-23T00:54:00.547394,35917,True,1,1,1.0
21322073,41281,C - watchlist,1908.33,2019-11-23T01:23:41.829542,35917,True,1,1,1.0
21321939,99876,C - watchlist,1421.2,2019-11-23T16:13:33.495480,91972,True,1,1,1.0
21321834,96976,C - watchlist,456.48,2019-11-23T19:45:42.937911,1175,True,1,1,1.0
21321824,62888,C - watchlist,3834.38,2019-11-23T20:01:51.148115,62613,True,1,1,1.0
21321757,57127,C - watchlist,2033.08,2019-11-23T23:44:58.211409,65241,True,1,1,1.0
21321622,95855,C - watchlist,50.59,2019-11-26T13:04:22.965738,31960,False,1,3,0.0
21321610,85612,C - watchlist,556.91,2019-11-26T14:11:59.129077,90035,True,1,1,1.0
21321575,4744,C - watchlist,636.78,2019-11-26T16:28:28.926404,94198,True,1,1,1.0
21321553,12756,C - watchlist,3923.44,2019-11-26T19:19:35.233639,12745,True,1,1,1.0
21321546,89064,C - watchlist,1817.96,2019-11-26T20:33:48.238780,67075,True,1,1,1.0
21321460,86219,C - watchlist,1847.38,2019-11-27T21:05:09.346817,3109,True,1,1,1.0
21321458,79237,C - watchlist,2443.76,2019-11-27T21:18:20.456385,73922,True,1,1,1.0
21321450,88553,C - watchlist,285.31,2019-11-27T22:43:01.987617,80155,False,1,4,0.0
21321345,77959,C - watchlist,2.41,2019-11-28T16:24:08.604218,78660,False,1,7,0.0
21321340,77959,C - watchlist,2.06,2019-11-28T16:40:36.133265,78660,False,1,7,0.0
21321336,8743,C - watchlist,2628.88,2019-11-28T16:48:27.892193,73205,True,1,1,1.0
21321329,19440,C - watchlist,514.42,2019-11-28T17:12:36.104908,73271,True,1,1,1.0
21321325,77999,C - watchlist,3259.04,2019-11-28T17:21:42.715158,73205,True,1,1,1.0
21321212,63582,C - watchlist,1331.14,2019-11-28T21:22:46.856797,46609,True,1,1,1.0
21321197,67845,C - watchlist,361.8,2019-11-28T21:53:28.516198,21281,True,1,1,1.0
21321167,66643,C - watchlist,995.33,2019-11-28T23:33:53.662442,5252,True,1,1,1.0
21321131,9669,C - watchlist,763.74,2019-11-29T02:03:27.402231,97291,False,1,3,0.0
21321130,9669,C - watchlist,490.43,2019-11-29T02:07:27.052206,97291,False,1,3,0.0
21321128,9669,C - watchlist,512.07,2019-11-29T02:23:37.732934,97291,False,1,3,0.0
21321095,99760,C - watchlist,370.13,2019-11-29T12:27:52.287451,88463,False,1,3,0.0
21321091,99760,C - watchlist,33.47,2019-11-29T12:50:00.689179,88463,False,1,3,0.0
21321043,68191,C - watchlist,2761.74,2019-11-29T15:00:18.450044,18768,True,1,1,1.0
21321028,88553,C - watchlist,254.95,2019-11-29T15:33:58.565067,80155,False,1,4,0.0
21321027,88553,C - watchlist,280.52,2019-11-29T15:35:24.506721,80155,False,1,4,0.0
21321026,88553,C - watchlist,151.64,2019-11-29T15:36:16.283879,80155,False,1,4,0.0
21320980,76837,C - watchlist,50.64,2019-11-29T17:16:19.911006,63050,False,1,4,0.0
21320977,76837,C - watchlist,595.31,2019-11-29T17:24:30.826899,63050,False,1,4,0.0
21320965,79462,C - watchlist,386.02,2019-11-29T17:48:19.608950,83982,True,1,1,1.0
21320962,76837,C - watchlist,1517.72,2019-11-29T17:50:10.933425,63050,False,1,4,0.0
21320947,76837,C - watchlist,50.32,2019-11-29T18:26:22.897517,63050,False,1,4,0.0
21320845,93679,C - watchlist,585.05,2019-11-29T23:21:10.170616,23531,True,1,1,1.0
21320843,77959,C - watchlist,2.48,2019-11-29T23:25:21.924074,93520,False,1,7,0.0
21320796,77959,C - watchlist,2.07,2019-11-30T02:48:47.509852,93520,False,1,7,0.0
21320778,90144,C - watchlist,3526.9,2019-11-30T12:17:45.241665,73205,True,1,1,1.0
21320733,74844,C - watchlist,3718.81,2019-11-30T14:53:16.446024,4694,True,1,1,1.0
21320697,59418,C - watchlist,3003.4,2019-11-30T16:24:44.920225,63050,True,1,1,1.0
21320694,33071,C - watchlist,213.24,2019-11-30T16:39:26.564944,77233,False,1,3,0.0
21320680,95694,C - watchlist,10.47,2019-11-30T17:04:23.464464,83142,True,1,1,1.0
21320620,44494,C - watchlist,2566.07,2019-11-30T19:16:55.206186,99644,True,1,1,1.0
21320581,80769,C - watchlist,50.66,2019-11-30T21:16:30.129423,92215,True,1,1,1.0
21320574,50734,C - watchlist,1604.12,2019-11-30T21:37:43.190637,83142,True,1,1,1.0
21320569,43018,C - watchlist,79.85,2019-11-30T21:59:49.310022,11570,True,1,1,1.0
21320560,31867,C - watchlist,3989.27,2019-11-30T22:32:48.490482,5404,True,1,1,1.0
21320557,45420,C - watchlist,300.58,2019-11-30T22:52:30.687712,5533,True,1,1,1.0
21320556,73867,C - watchlist,319.53,2019-11-30T22:53:39.140902,5533,True,1,1,1.0
21320542,74585,C - watchlist,98.27,2019-12-01T01:37:58.725121,42356,False,1,4,0.0
21320541,9005,C - watchlist,80.45,2019-12-01T01:49:35.507757,27220,False,1,3,0.0
21320540,3157,C - watchlist,183.73,2019-12-01T01:50:22.799457,62194,True,1,1,1.0
21320539,74585,C - watchlist,591.58,2019-12-01T01:50:36.735006,42356,False,1,4,0.0
21320531,74585,C - watchlist,342.65,2019-12-01T04:31:50.887374,42356,False,1,4,0.0
21320529,77959,C - watchlist,2.34,2019-12-01T10:59:39.973715,93520,False,1,7,0.0
21320528,77959,C - watchlist,2.75,2019-12-01T11:00:12.687222,93520,False,1,7,0.0
21320527,77959,C - watchlist,2.0,2019-12-01T11:00:36.196460,93520,False,1,7,0.0
21320494,40779,C - watchlist,3076.06,2019-12-01T14:06:58.203861,28172,False,1,6,0.0
21320490,40779,C - watchlist,3097.55,2019-12-01T14:24:08.775683,30121,False,1,6,0.0
21320486,9005,C - watchlist,40.93,2019-12-01T14:45:02.706762,27220,False,1,3,0.0
21320480,99760,C - watchlist,72.16,2019-12-01T15:01:51.945130,88463,False,1,3,0.0
21320458,74585,C - watchlist,98.08,2019-12-01T16:46:00.609623,42356,False,1,4,0.0
21320450,9005,C - watchlist,70.58,2019-12-01T17:19:03.850675,27220,False,1,3,0.0
21320435,33071,C - watchlist,38.79,2019-12-01T18:50:49.945124,77233,False,1,3,0.0
21322189,11750,B - block,506.11,2019-11-22T19:39:12.379371,17275,True,31,31,0.806
21321874,11750,B - block,529.86,2019-11-23T18:35:42.143054,17275,True,31,31,0.806
21321796,11750,B - block,619.63,2019-11-23T21:08:28.644798,17275,True,31,31,0.806
21321713,11750,B - block,10.46,2019-11-24T21:09:30.443875,17275,False,31,31,0.806
21321676,11750,B - block,405.08,2019-11-25T12:51:42.413190,17275,True,31,31,0.806
21321670,11750,B - block,580.79,2019-11-25T13:54:52.124291,17275,True,31,31,0.806
21321574,11750,B - block,546.19,2019-11-26T16:28:37.866943,17275,True,31,31,0.806
21321505,11750,B - block,658.81,2019-11-27T14:45:01.414109,17275,True,31,31,0.806
21321487,11750,B - block,463.99,2019-11-27T17:11:47.479910,17275,True,31,31,0.806
21321250,11750,B - block,632.15,2019-11-28T19:59:37.347189,17275,False,31,31,0.806
21321237,11750,B - block,588.86,2019-11-28T20:16:01.236268,17275,True,31,31,0.806
21321192,11750,B - block,539.44,2019-11-28T22:11:32.984423,17275,True,31,31,0.806
21321029,11750,B - block,688.87,2019-11-29T15:32:20.609538,17275,True,31,31,0.806
21320960,11750,B - block,591.82,2019-11-29T18:00:12.869985,17275,False,31,31,0.806
21320931,11750,B - block,528.46,2019-11-29T19:02:16.941360,17275,True,31,31,0.806
21320916,11750,B - block,601.97,2019-11-29T19:39:12.558768,17275,True,31,31,0.806
21320888,11750,B - block,634.64,2019-11-29T20:49:56.171649,17275,False,31,31,0.806
21320702,11750,B - block,491.73,2019-11-30T16:11:18.228236,17275,False,31,31,0.806
21320661,11750,B - block,643.96,2019-11-30T17:33:18.282837,17275,True,31,31,0.806
21320614,11750,B - block,631.23,2019-11-30T19:25:22.951200,17275,True,31,31,0.806
21320611,11750,B - block,654.68,2019-11-30T19:36:37.078724,66876,True,31,31,0.806
21320602,11750,B - block,649.3,2019-11-30T19:57:18.098648,66876,True,31,31,0.806
21320586,11750,B - block,648.94,2019-11-30T20:51:38.313599,66876,True,31,31,0.806
21320575,11750,B - block,508.91,2019-11-30T21:36:50.372043,66876,True,31,31,0.806
21320526,11750,B - block,638.35,2019-12-01T11:06:28.287928,66876,True,31,31,0.806
21320522,11750,B - block,607.45,2019-12-01T11:39:51.107935,66876,True,31,31,0.806
21320518,11750,B - block,555.53,2019-12-01T12:09:19.012164,66876,False,31,31,0.806
21320517,11750,B - block,639.87,2019-12-01T12:21:42.647277,17275,True,31,31,0.806
21320507,11750,B - block,657.38,2019-12-01T13:36:54.525018,17275,True,31,31,0.806
21320498,11750,B - block,674.23,2019-12-01T14:02:31.156851,17275,True,31,31,0.806
21320460,11750,B - block,687.57,2019-12-01T16:43:09.730317,66876,True,31,31,0.806
21322458,91637,B - block,563.24,2019-11-21T23:08:42.117702,4705,True,22,22,0.864
21322447,91637,B - block,905.32,2019-11-21T23:46:59.004458,4705,True,22,22,0.864
21322427,91637,B - block,577.19,2019-11-22T01:14:30.042805,4705,True,22,22,0.864
21322418,91637,B - block,727.08,2019-11-22T02:02:39.415281,4705,True,22,22,0.864
21322414,91637,B - block,696.68,2019-11-22T02:35:49.560547,4705,True,22,22,0.864
21322413,91637,B - block,678.08,2019-11-22T02:55:19.731323,4705,True,22,22,0.864
21322067,91637,B - block,908.75,2019-11-23T01:40:21.993783,4705,True,22,22,0.864
21322063,91637,B - block,792.58,2019-11-23T01:53:05.222918,4705,True,22,22,0.864
21322059,91637,B - block,791.19,2019-11-23T02:22:02.539740,4705,True,22,22,0.864
21322050,91637,B - block,775.16,2019-11-23T02:59:20.193966,4705,True,22,22,0.864
21321781,91637,B - block,842.35,2019-11-23T22:02:19.318831,4705,True,22,22,0.864
21321733,91637,B - block,769.89,2019-11-24T01:13:06.879356,4705,False,22,22,0.864
21321542,91637,B - block,550.05,2019-11-26T21:28:54.073914,4705,False,22,22,0.864
21321539,91637,B - block,824.02,2019-11-26T21:51:30.838811,4705,True,22,22,0.864
21321533,91637,B - block,1416.7,2019-11-26T22:50:59.101779,4705,True,22,22,0.864
21321494,91637,B - block,787.1,2019-11-27T15:56:20.736219,4705,True,22,22,0.864
21321486,91637,B - block,563.55,2019-11-27T17:21:43.309868,4705,True,22,22,0.864
21321485,91637,B - block,663.46,2019-11-27T17:32:06.437271,4705,False,22,22,0.864
21321180,91637,B - block,691.03,2019-11-28T23:03:01.871808,4705,True,22,22,0.864
21321155,91637,B - block,820.34,2019-11-29T00:01:30.355033,4705,True,22,22,0.864
21321149,91637,B - block,1061.15,2019-11-29T00:13:31.902951,4705,True,22,22,0.864
21321138,91637,B - block,930.6,2019-11-29T01:20:14.182107,4705,True,22,22,0.864
21321316,79054,B - block,2551.43,2019-11-28T17:35:48.156893,98272,True,15,17,0.882
21321309,79054,B - block,1175.72,2019-11-28T17:45:11.486729,98272,True,15,17,0.882
21321287,79054,B - block,3165.49,2019-11-28T18:32:06.464042,98272,False,15,17,0.882
21321258,79054,B - block,2063.01,2019-11-28T19:45:40.919074,18267,True,15,17,0.882
21321244,79054,B - block,1972.13,2019-11-28T20:09:09.949563,18267,False,15,17,0.882
21321236,79054,B - block,2076.65,2019-11-28T20:22:35.008879,98272,True,15,17,0.882
21321216,79054,B - block,1907.96,2019-11-28T21:08:28.069267,18267,True,15,17,0.882
21321196,79054,B - block,2022.18,2019-11-28T21:56:32.930827,18267,True,15,17,0.882
21321174,79054,B - block,469.97,2019-11-28T23:22:43.750471,36617,True,15,17,0.882
21321158,79054,B - block,1605.1,2019-11-28T23:55:13.780905,36617,True,15,17,0.882
21321153,79054,B - block,2971.56,2019-11-29T00:04:17.161939,36617,True,15,17,0.882
21321147,79054,B - block,2996.41,2019-11-29T00:15:13.398376,36617,True,15,17,0.882
21321126,79054,B - block,2019.47,2019-11-29T02:52:00.400886,1308,True,15,17,0.882
21321125,79054,B - block,1834.09,2019-11-29T02:58:04.351521,1308,True,15,17,0.882
21321106,79054,B - block,2251.02,2019-11-29T11:40:49.445144,1308,True,15,17,0.882
21321103,79054,B - block,2183.76,2019-11-29T11:49:14.553339,1308,True,15,17,0.882
21321090,79054,B - block,2231.98,2019-11-29T12:51:17.927921,1308,True,15,17,0.882
21323049,78262,B - block,4089.88,2019-11-15T18:32:53.486074,49919,True,10,13,0.923
21322914,78262,B - block,4097.21,2019-11-17T18:55:48.472161,49919,True,10,13,0.923
21322791,78262,B - block,1329.55,2019-11-18T19:16:23.960006,65330,True,10,13,0.923
21322621,78262,B - block,2257.43,2019-11-20T22:45:43.424580,65330,True,10,13,0.923
21322525,78262,B - block,3996.79,2019-11-21T19:41:36.793503,65330,False,10,13,0.923
21322105,78262,B - block,4077.47,2019-11-22T22:54:27.376492,65330,True,10,13,0.923
21322090,78262,B - block,4028.55,2019-11-22T23:50:09.761794,65330,True,10,13,0.923
21321691,78262,B - block,4076.4,2019-11-24T23:02:24.777947,65330,True,10,13,0.923
21321687,78262,B - block,943.14,2019-11-25T00:30:54.488087,59875,True,10,13,0.923
21321675,78262,B - block,4089.73,2019-11-25T13:11:05.092545,65330,True,10,13,0.923
21321674,78262,B - block,1068.03,2019-11-25T13:31:33.648356,59875,True,10,13,0.923
21321658,78262,B - block,4058.92,2019-11-25T17:30:49.997119,65330,True,10,13,0.923
21321657,78262,B - block,1082.03,2019-11-25T17:42:16.389973,59875,True,10,13,0.923
21321226,96025,B - block,2081.98,2019-11-28T20:34:54.319290,18267,True,10,14,0.929
21321210,96025,B - block,2040.15,2019-11-28T21:28:55.892806,18267,True,10,14,0.929
21321203,96025,B - block,2029.76,2019-11-28T21:37:59.703882,18267,True,10,14,0.929
21321136,96025,B - block,50.71,2019-11-29T01:24:54.066378,36617,False,10,14,0.929
21321132,96025,B - block,2904.6,2019-11-29T02:02:30.874661,1308,True,10,14,0.929
21321129,96025,B - block,2819.59,2019-11-29T02:10:25.828340,1308,True,10,14,0.929
21321127,96025,B - block,2774.51,2019-11-29T02:35:55.206318,1308,True,10,14,0.929
21321122,96025,B - block,1648.3,2019-11-29T03:17:30.558440,1308,True,10,14,0.929
21321121,96025,B - block,2486.7,2019-11-29T03:30:43.934091,1308,True,10,14,0.929
21321107,96025,B - block,2412.28,2019-11-29T11:32:14.313926,1308,True,10,14,0.929
21321001,96025,B - block,2261.25,2019-11-29T16:36:00.073092,1308,True,10,14,0.929
21320994,96025,B - block,2288.47,2019-11-29T16:46:59.421700,1308,True,10,14,0.929
21320967,96025,B - block,2259.99,2019-11-29T17:42:40.460221,1308,True,10,14,0.929
21320963,96025,B - block,2141.93,2019-11-29T17:49:01.844537,1308,True,10,14,0.929
21322181,7695,B - block,608.08,2019-11-22T20:02:58.255215,17275,False,7,7,0.571
21321623,7695,B - block,602.0,2019-11-26T12:56:50.128742,17275,False,7,7,0.571
21321282,7695,B - block,631.11,2019-11-28T18:43:36.192523,17275,True,7,7,0.571
21321011,7695,B - block,495.36,2019-11-29T16:16:49.093857,17275,True,7,7,0.571
21320629,7695,B - block,674.94,2019-11-30T19:02:03.492207,17275,True,7,7,0.571
21320511,7695,B - block,596.59,2019-12-01T13:12:28.527483,17275,False,7,7,0.571
21320485,7695,B - block,646.11,2019-12-01T14:45:42.268626,17275,True,7,7,0.571
21322411,67519,B - block,50.55,2019-11-22T03:07:36.142098,39253,False,6,6,0.667
21322127,17929,B - block,4058.61,2019-11-22T22:13:42.283571,75917,True,6,6,1.0
21322111,17929,B - block,4095.82,2019-11-22T22:43:08.863484,75917,True,6,6,1.0
21322076,67519,B - block,55.84,2019-11-23T01:13:23.169981,39253,False,6,6,0.667
21322069,67519,B - block,2074.47,2019-11-23T01:37:29.919747,39253,True,6,6,0.667
21322064,67519,B - block,2782.13,2019-11-23T01:52:37.419490,39253,True,6,6,0.667
21322061,67519,B - block,3144.76,2019-11-23T02:11:04.149425,39253,True,6,6,0.667
21322054,67519,B - block,3574.69,2019-11-23T02:37:16.243549,39253,True,6,6,0.667
21321839,17929,B - block,2201.48,2019-11-23T19:32:12.813278,75917,True,6,6,1.0
21321822,17929,B - block,3557.9,2019-11-23T20:03:13.992518,75917,True,6,6,1.0
21321200,17929,B - block,3871.65,2019-11-28T21:42:44.570055,60526,True,6,6,1.0
21321188,17929,B - block,4055.23,2019-11-28T22:20:04.236179,60526,True,6,6,1.0
21323216,27657,B - block,3802.69,2019-11-10T22:08:28.223274,49919,True,5,5,0.8
21322698,9853,B - block,2.22,2019-11-19T19:30:07.017655,71378,False,5,9,0.444
21322620,9853,B - block,386.17,2019-11-20T23:02:41.808708,71378,False,5,9,0.444
21322619,9853,B - block,56.64,2019-11-20T23:08:20.521717,71378,False,5,9,0.444
21322616,9853,B - block,84.4,2019-11-21T00:46:06.637110,71378,False,5,9,0.444
21322535,27657,B - block,2083.92,2019-11-21T18:52:17.415657,36700,True,5,5,0.8
21322526,27657,B - block,2991.46,2019-11-21T19:18:01.223642,36700,True,5,5,0.8
21322406,9853,B - block,1.3,2019-11-22T06:29:34.760120,71378,False,5,9,0.444
21322232,27657,B - block,2635.57,2019-11-22T18:24:44.693779,36700,True,5,5,0.8
21322218,9853,B - block,19.17,2019-11-22T18:49:54.902726,71378,True,5,9,0.444
21322214,9853,B - block,22.95,2019-11-22T18:56:00.388531,71378,True,5,9,0.444
21322212,9853,B - block,19.82,2019-11-22T18:57:08.043119,71378,True,5,9,0.444
21322102,27657,B - block,4036.96,2019-11-22T22:58:38.248295,36700,False,5,5,0.8
21321353,7725,B - block,10.14,2019-11-28T16:01:04.989041,73271,True,5,7,1.0
21321349,7725,B - block,451.41,2019-11-28T16:09:31.607176,73271,True,5,7,1.0
21321215,9853,B - block,567.14,2019-11-28T21:11:21.911529,46609,True,5,9,0.444
21321142,7725,B - block,2534.04,2019-11-29T01:04:52.243450,73271,True,5,7,1.0
21320922,7725,B - block,2594.59,2019-11-29T19:21:30.688495,73271,True,5,7,1.0
21320907,7725,B - block,1563.29,2019-11-29T19:57:50.708774,73271,True,5,7,1.0
21320870,99396,B - block,820.01,2019-11-29T21:43:15.235182,38568,True,5,5,1.0
21320844,99396,B - block,2580.62,2019-11-29T23:25:10.048906,38568,True,5,5,1.0
21320817,99396,B - block,471.94,2019-11-30T00:29:46.687445,38568,True,5,5,1.0
21320725,99396,B - block,2559.25,2019-11-30T15:09:52.107909,38568,True,5,5,1.0
21320704,99396,B - block,3627.51,2019-11-30T16:09:53.763866,38568,True,5,5,1.0
21320649,7725,B - block,1576.68,2019-11-30T18:11:45.600701,73271,True,5,7,1.0
21320428,7725,B - block,2092.79,2019-12-01T19:22:45.419831,73271,True,5,7,1.0
21322831,11452,B - block,1262.73,2019-11-18T16:39:41.088689,53041,False,4,8,0.375
21322798,11452,B - block,901.7,2019-11-18T18:33:22.319118,53041,True,4,8,0.375
21322786,11452,B - block,997.99,2019-11-18T20:09:44.921253,53041,False,4,8,0.375
21322718,11452,B - block,1003.01,2019-11-19T16:23:45.582601,53041,False,4,8,0.375
21322446,11452,B - block,1078.53,2019-11-21T23:47:41.300431,60779,False,4,8,0.375
21322443,11452,B - block,728.94,2019-11-21T23:58:19.343141,53041,True,4,8,0.375
21322421,11452,B - block,542.75,2019-11-22T01:36:06.150778,60779,True,4,8,0.375
21322345,11452,B - block,730.95,2019-11-22T14:38:26.445068,68327,False,4,8,0.375
21321616,89615,B - block,1168.87,2019-11-26T13:34:53.978106,91446,True,4,4,0.75
21321506,56877,B - block,512.23,2019-11-27T14:34:23.806435,99510,False,4,9,0.556
21321483,3584,B - block,409.3,2019-11-27T17:35:55.614715,55854,False,4,6,0.667
21321477,3584,B - block,452.58,2019-11-27T18:30:37.677689,55854,False,4,6,0.667
21321472,3584,B - block,529.19,2019-11-27T19:27:18.390049,55854,True,4,6,0.667
21321467,3584,B - block,971.97,2019-11-27T19:56:17.352455,55854,True,4,6,0.667
21321466,3584,B - block,607.96,2019-11-27T20:03:18.903863,55854,True,4,6,0.667
21321463,56877,B - block,558.62,2019-11-27T20:15:49.006673,99510,False,4,9,0.556
21321448,3584,B - block,542.36,2019-11-27T23:20:08.418774,55854,True,4,6,0.667
21321286,89615,B - block,1085.99,2019-11-28T18:35:03.241129,91446,True,4,4,0.75
21321235,89615,B - block,1097.99,2019-11-28T20:23:16.318234,91446,True,4,4,0.75
21321022,89615,B - block,1933.53,2019-11-29T15:44:34.623999,91446,False,4,4,0.75
21320784,56877,B - block,758.45,2019-11-30T11:42:18.892456,99510,False,4,9,0.556
21320781,56877,B - block,765.33,2019-11-30T12:08:00.331138,99510,False,4,9,0.556
21320736,56877,B - block,1089.67,2019-11-30T14:51:32.317215,99510,True,4,9,0.556
21320735,56877,B - block,877.06,2019-11-30T14:51:49.542823,99510,True,4,9,0.556
21320727,56877,B - block,600.48,2019-11-30T15:08:30.680104,99510,True,4,9,0.556
21320718,56877,B - block,869.6,2019-11-30T15:35:31.554331,99510,True,4,9,0.556
21320714,56877,B - block,904.45,2019-11-30T15:43:57.547585,99510,True,4,9,0.556
21323391,42677,B - block,10.32,2019-11-07T22:09:14.359238,77130,False,3,5,0.6
21323343,42677,B - block,10.26,2019-11-08T20:37:19.393101,77130,True,3,5,0.6
21323342,42677,B - block,303.82,2019-11-08T20:41:18.782324,77130,True,3,5,0.6
21323341,42677,B - block,301.58,2019-11-08T20:41:36.944243,77130,True,3,5,0.6
21323336,30874,B - block,2279.58,2019-11-08T21:14:33.736382,25932,True,3,4,1.0
21323335,30874,B - block,2022.69,2019-11-08T21:17:19.374837,25932,True,3,4,1.0
21323288,30874,B - block,2320.53,2019-11-09T19:08:46.520771,25932,True,3,4,1.0
21323284,30874,B - block,1763.82,2019-11-09T19:42:49.476595,25932,True,3,4,1.0
21322509,65935,B - block,240.78,2019-11-21T20:19:31.420599,71507,False,3,3,0.667
21322504,69588,B - block,30.05,2019-11-21T20:27:52.966305,48982,False,3,5,0.8
21322502,65935,B - block,99.0,2019-11-21T20:33:12.135485,71507,True,3,3,0.667
21322500,69588,B - block,375.23,2019-11-21T20:39:47.086013,48982,True,3,5,0.8
21322492,65935,B - block,823.64,2019-11-21T20:55:42.981405,71507,True,3,3,0.667
21322200,83258,B - block,1024.83,2019-11-22T19:14:58.251615,48982,True,3,3,1.0
21322013,83722,B - block,261.19,2019-11-23T13:07:26.028229,20663,False,3,6,0.667
21321931,83722,B - block,536.86,2019-11-23T16:39:03.742030,20663,True,3,6,0.667
21321896,76768,B - block,3039.44,2019-11-23T17:51:15.415008,18344,True,3,3,1.0
21321865,76768,B - block,3555.68,2019-11-23T18:53:56.754470,54603,True,3,3,1.0
21321847,76768,B - block,3515.05,2019-11-23T19:19:02.772449,18344,True,3,3,1.0
21321845,92034,B - block,1378.86,2019-11-23T19:21:23.535158,82867,True,3,4,0.75
21321821,92034,B - block,1576.59,2019-11-23T20:06:26.783682,82867,True,3,4,0.75
21321775,83258,B - block,1834.11,2019-11-23T22:08:51.521458,5763,True,3,3,1.0
21321666,83722,B - block,609.51,2019-11-25T15:48:00.072142,20663,True,3,6,0.667
21321660,83722,B - block,1083.33,2019-11-25T17:02:34.503716,20663,True,3,6,0.667
21321656,83722,B - block,1047.68,2019-11-25T17:56:09.735574,20663,True,3,6,0.667
21321654,83722,B - block,517.52,2019-11-25T18:53:51.709939,20663,False,3,6,0.667
21321552,42677,B - block,10.02,2019-11-26T19:41:25.744694,77130,False,3,5,0.6
21321386,71424,B - block,655.73,2019-11-28T14:43:41.301090,29214,True,3,5,1.0
21321382,71424,B - block,569.46,2019-11-28T14:49:00.434659,29214,True,3,5,1.0
21321253,71424,B - block,511.79,2019-11-28T19:58:08.165115,29214,True,3,5,1.0
21321152,83258,B - block,345.06,2019-11-29T00:09:35.517225,4153,True,3,3,1.0
21321133,92034,B - block,213.31,2019-11-29T01:54:43.755257,4153,False,3,4,0.75
21320946,69588,B - block,1093.06,2019-11-29T18:30:02.726157,4153,True,3,5,0.8
21320941,69588,B - block,1120.3,2019-11-29T18:37:42.270852,4153,True,3,5,0.8
21320936,69588,B - block,1012.65,2019-11-29T18:47:03.558110,4153,True,3,5,0.8
21320899,92034,B - block,920.63,2019-11-29T20:16:44.860218,4153,True,3,4,0.75
21320872,73385,B - block,3573.38,2019-11-29T21:29:02.724971,49909,True,3,3,1.0
21320863,73385,B - block,4043.09,2019-11-29T22:06:50.179099,49909,True,3,3,1.0
21320854,71424,B - block,728.66,2019-11-29T22:46:31.469461,29214,True,3,5,1.0
21320832,71424,B - block,501.1,2019-11-30T00:01:19.082265,29214,True,3,5,1.0
21320820,73385,B - block,3303.58,2019-11-30T00:21:03.219052,49909,True,3,3,1.0
21323583,75889,B - block,1726.65,2019-11-01T19:19:50.609011,77570,True,2,2,1.0
21323578,96495,B - block,2936.66,2019-11-01T20:54:04.014855,16266,True,2,2,1.0
21323576,96495,B - block,762.18,2019-11-01T22:10:49.517024,16266,True,2,2,1.0
21323437,75889,B - block,3349.36,2019-11-06T12:35:58.218974,77570,True,2,2,1.0
21323264,24644,B - block,136.27,2019-11-10T01:37:02.447645,91972,False,2,2,0.5
21323131,21702,B - block,2878.06,2019-11-12T20:19:18.659035,91972,True,2,2,1.0
21323119,21702,B - block,4031.46,2019-11-13T21:06:50.017411,91972,True,2,2,1.0
21323070,97611,B - block,2139.43,2019-11-14T23:27:58.402272,91972,True,2,2,1.0
21322839,28218,B - block,1084.91,2019-11-18T16:03:21.232777,53041,True,2,5,1.0
21322695,10378,B - block,20.17,2019-11-19T19:46:37.605471,46045,False,2,3,0.667
21322680,28218,B - block,809.13,2019-11-19T21:54:03.037488,53041,True,2,5,1.0
21322627,28218,B - block,280.24,2019-11-20T21:40:53.564035,53041,True,2,5,1.0
21322626,28218,B - block,426.84,2019-11-20T21:42:21.655846,53041,True,2,5,1.0
21322491,28218,B - block,365.05,2019-11-21T20:57:57.646829,53041,True,2,5,1.0
21322379,64057,B - block,981.99,2019-11-22T12:40:55.692911,18344,True,2,2,0.5
21322349,64057,B - block,969.87,2019-11-22T14:29:55.383287,18344,False,2,2,0.5
21322341,31819,B - block,10.29,2019-11-22T14:40:28.050233,86853,False,2,4,0.75
21322259,33805,B - block,739.91,2019-11-22T17:32:42.941949,25473,True,2,2,0.5
21322175,93156,B - block,152.96,2019-11-22T20:16:52.199921,62988,True,2,2,1.0
21322158,93156,B - block,424.61,2019-11-22T20:46:56.030722,62988,True,2,2,1.0
21322135,31819,B - block,566.06,2019-11-22T21:37:53.042758,52897,True,2,4,0.75
21322134,31819,B - block,1592.59,2019-11-22T21:44:56.594628,52897,True,2,4,0.75
21322129,31819,B - block,759.38,2019-11-22T22:03:30.901578,52897,True,2,4,0.75
21322116,4651,B - block,2090.41,2019-11-22T22:31:51.568374,38337,True,2,3,1.0
21322112,4651,B - block,1019.39,2019-11-22T22:41:36.534791,38337,True,2,3,1.0
21322086,9600,B - block,2038.61,2019-11-23T00:11:25.346632,74211,True,2,2,1.0
21322062,69466,B - block,490.59,2019-11-23T02:08:07.889316,76239,True,2,2,1.0
21322055,69466,B - block,351.63,2019-11-23T02:34:50.811821,2842,True,2,2,1.0
21322024,44531,B - block,1592.36,2019-11-23T12:40:48.018800,18344,True,2,3,1.0
21322010,44531,B - block,2008.72,2019-11-23T13:27:43.831810,54603,True,2,3,1.0
21321918,44531,B - block,2049.92,2019-11-23T16:55:52.215901,54603,True,2,3,1.0
21321889,9600,B - block,3936.39,2019-11-23T17:58:24.341545,74211,True,2,2,1.0
21321881,33805,B - block,10.23,2019-11-23T18:14:38.827497,25473,False,2,2,0.5
21321547,24644,B - block,4072.9,2019-11-26T20:22:41.390309,91972,True,2,2,0.5
21321455,11065,B - block,306.14,2019-11-27T22:11:06.819240,42356,True,2,4,1.0
21321453,71433,B - block,1068.12,2019-11-27T22:25:50.213818,99510,True,2,3,0.667
21321452,71433,B - block,582.4,2019-11-27T22:32:42.072203,99510,True,2,3,0.667
21321447,11065,B - block,331.3,2019-11-27T23:25:49.931741,42356,True,2,4,1.0
21321433,11065,B - block,1525.93,2019-11-28T01:14:52.280130,42356,True,2,4,1.0
21321426,11065,B - block,263.93,2019-11-28T06:53:39.214293,42356,True,2,4,1.0
21321363,10378,B - block,334.46,2019-11-28T15:40:42.787730,46045,True,2,3,0.667
21321362,10378,B - block,553.66,2019-11-28T15:41:40.107253,46045,True,2,3,0.667
21321206,81164,B - block,685.88,2019-11-28T21:33:42.423814,73271,True,2,2,1.0
21321165,17807,B - block,515.49,2019-11-28T23:41:18.281921,81795,True,2,4,1.0
21321162,17807,B - block,623.63,2019-11-28T23:45:49.991606,81795,True,2,4,1.0
21321002,50643,B - block,725.94,2019-11-29T16:32:37.604510,29214,True,2,4,1.0
21320981,50643,B - block,605.6,2019-11-29T17:15:34.416959,29214,True,2,4,1.0
21320943,4651,B - block,3068.63,2019-11-29T18:34:37.726351,63050,True,2,3,1.0
21320859,66979,B - block,1221.94,2019-11-29T22:33:14.606830,15326,True,2,3,1.0
21320813,87048,B - block,758.02,2019-11-30T00:47:57.230147,44927,True,2,3,1.0
21320812,71433,B - block,370.68,2019-11-30T00:48:55.320819,99510,False,2,3,0.667
21320803,87048,B - block,912.22,2019-11-30T01:53:55.302812,44927,True,2,3,1.0
21320799,87048,B - block,1006.38,2019-11-30T02:13:35.655729,44927,True,2,3,1.0
21320795,2708,B - block,99.49,2019-11-30T03:00:54.565911,92895,False,2,2,0.5
21320759,50643,B - block,454.69,2019-11-30T13:46:55.968155,29214,True,2,4,1.0
21320723,97611,B - block,3863.2,2019-11-30T15:15:03.781974,91972,True,2,2,1.0
21320688,66979,B - block,2029.63,2019-11-30T16:51:51.113685,15326,True,2,3,1.0
21320676,50643,B - block,505.79,2019-11-30T17:13:08.335351,29214,True,2,4,1.0
21320669,81164,B - block,2554.33,2019-11-30T17:22:28.861266,73271,True,2,2,1.0
21320655,66979,B - block,1352.34,2019-11-30T17:47:53.066082,15326,True,2,3,1.0
21320627,39443,B - block,2.23,2019-11-30T19:04:32.537994,48912,False,2,2,0.5
21320595,17807,B - block,535.09,2019-11-30T20:23:00.639365,81795,True,2,4,1.0
21320594,17807,B - block,568.42,2019-11-30T20:24:00.906638,81795,True,2,4,1.0
21320589,39443,B - block,2.89,2019-11-30T20:35:24.529363,48912,True,2,2,0.5
21320497,90182,B - block,20.25,2019-12-01T14:03:08.223837,84970,False,2,2,0.5
21320484,90182,B - block,3782.17,2019-12-01T14:46:28.746288,84970,True,2,2,0.5
21320411,81152,B - block,32.86,2019-12-01T20:36:55.091278,56107,True,2,4,1.0
21320407,81152,B - block,345.68,2019-12-01T21:04:55.066909,56107,True,2,4,1.0
21320406,81152,B - block,352.77,2019-12-01T21:13:21.529999,56107,True,2,4,1.0
21320405,81152,B - block,188.68,2019-12-01T21:24:05.608374,56107,True,2,4,1.0
21320399,2708,B - block,734.87,2019-12-01T22:45:37.873639,92895,True,2,2,0.5
21323563,19820,B - block,4031.0,2019-11-02T16:33:21.333131,41354,True,1,3,1.0
21323555,19820,B - block,4028.55,2019-11-02T18:04:22.088172,41354,True,1,3,1.0
21323554,19820,B - block,234.06,2019-11-02T18:07:03.252741,41354,True,1,3,1.0
21323540,76819,B - block,1551.77,2019-11-03T16:08:01.904202,8942,True,1,4,1.0
21323539,76819,B - block,2040.02,2019-11-03T16:09:21.333406,8942,True,1,4,1.0
21323538,76819,B - block,1038.47,2019-11-03T16:10:00.739538,8942,True,1,4,1.0
21323537,76819,B - block,1545.4,2019-11-03T16:11:02.048688,8942,True,1,4,1.0
21323518,18227,B - block,963.47,2019-11-03T22:14:24.384898,62052,False,1,4,0.75
21323508,18227,B - block,993.39,2019-11-04T12:54:15.955839,62052,True,1,4,0.75
21323507,18227,B - block,999.47,2019-11-04T13:15:50.991229,62052,True,1,4,0.75
21323506,18227,B - block,941.39,2019-11-04T13:17:29.295709,62052,True,1,4,0.75
21323501,16781,B - block,489.5,2019-11-04T14:54:49.019679,76725,False,1,2,0.5
21323500,16781,B - block,502.16,2019-11-04T14:55:21.764584,76725,True,1,2,0.5
21323331,75710,B - block,540.81,2019-11-08T23:05:13.814924,77130,True,1,10,1.0
21323330,75710,B - block,320.96,2019-11-08T23:11:18.971808,77130,True,1,10,1.0
21323329,75710,B - block,254.37,2019-11-08T23:12:00.465991,77130,True,1,10,1.0
21323328,75710,B - block,386.82,2019-11-08T23:14:35.977303,77130,True,1,10,1.0
21323327,75710,B - block,599.13,2019-11-08T23:15:05.322183,77130,True,1,10,1.0
21323326,75710,B - block,473.44,2019-11-08T23:17:08.619645,77130,True,1,10,1.0
21323325,75710,B - block,254.25,2019-11-08T23:18:28.634342,77130,True,1,10,1.0
21323321,75710,B - block,559.01,2019-11-09T00:17:27.310174,77130,True,1,10,1.0
21323320,75710,B - block,593.78,2019-11-09T00:58:24.689418,77130,True,1,10,1.0
21323281,75710,B - block,1631.24,2019-11-09T20:11:57.306777,77130,True,1,10,1.0
21322672,58905,B - block,1025.74,2019-11-19T23:20:43.187446,53041,True,1,4,1.0
21322667,58905,B - block,334.49,2019-11-20T00:03:28.006195,53041,True,1,4,1.0
21322480,86411,B - block,140.38,2019-11-21T21:37:35.783765,89943,True,1,5,1.0
21322464,92930,B - block,1083.43,2019-11-21T22:45:26.226471,75917,True,1,2,1.0
21322460,35138,B - block,1934.8,2019-11-21T22:55:24.879643,65241,True,1,2,1.0
21322441,24543,B - block,3207.73,2019-11-22T00:04:46.417571,11911,True,1,2,1.0
21322439,58905,B - block,780.52,2019-11-22T00:07:34.205245,53041,True,1,4,1.0
21322437,58905,B - block,159.21,2019-11-22T00:12:45.946894,53041,True,1,4,1.0
21322311,56139,B - block,555.42,2019-11-22T15:47:19.908931,60779,True,1,2,1.0
21322296,56139,B - block,3114.05,2019-11-22T16:12:26.387829,60779,True,1,2,1.0
21322262,92930,B - block,588.6,2019-11-22T17:29:07.954959,75917,True,1,2,1.0
21322225,40493,B - block,1320.89,2019-11-22T18:35:28.555079,38337,True,1,3,1.0
21322221,40493,B - block,885.56,2019-11-22T18:39:58.115618,38337,True,1,3,1.0
21322201,86411,B - block,1979.46,2019-11-22T19:11:14.003039,89943,True,1,5,1.0
21322199,40493,B - block,1654.93,2019-11-22T19:15:14.835284,38337,True,1,3,1.0
21322162,24543,B - block,504.66,2019-11-22T20:43:55.920643,11911,True,1,2,1.0
21322097,35138,B - block,3883.04,2019-11-22T23:20:24.816180,65241,True,1,2,1.0
21321829,86411,B - block,1952.18,2019-11-23T19:54:02.111574,89943,True,1,5,1.0
21321721,27555,B - block,202.92,2019-11-24T20:52:53.378276,44927,True,1,4,1.0
21321718,27555,B - block,717.97,2019-11-24T20:57:59.171343,44927,True,1,4,1.0
21321712,86411,B - block,1872.98,2019-11-24T21:09:36.008275,89943,True,1,5,1.0
21321709,27555,B - block,629.86,2019-11-24T21:22:52.614944,44927,True,1,4,1.0
21321563,93767,B - block,3593.21,2019-11-26T17:38:20.188593,91352,True,1,2,1.0
21321524,16862,B - block,127.54,2019-11-27T00:10:58.277443,42356,True,1,2,1.0
21321520,16862,B - block,173.17,2019-11-27T00:26:27.493623,42356,True,1,2,1.0
21321503,53850,B - block,471.1,2019-11-27T14:49:52.620310,55854,True,1,3,1.0
21321502,53850,B - block,471.06,2019-11-27T14:52:06.001713,55854,True,1,3,1.0
21321501,53850,B - block,278.03,2019-11-27T14:52:55.108583,55854,True,1,3,1.0
21321492,37113,B - block,530.81,2019-11-27T16:40:39.254853,55854,True,1,2,1.0
21321490,37113,B - block,253.65,2019-11-27T16:42:30.647520,55854,True,1,2,1.0
21321476,76422,B - block,452.67,2019-11-27T19:07:04.682719,42356,True,1,2,1.0
21321474,76422,B - block,549.9,2019-11-27T19:10:10.465467,42356,True,1,2,1.0
21321470,86411,B - block,2030.64,2019-11-27T19:51:00.783741,89943,True,1,5,1.0
21321456,27555,B - block,1021.49,2019-11-27T21:54:53.282552,44927,True,1,4,1.0
21321270,6761,B - block,1550.03,2019-11-28T19:16:32.662985,38755,True,1,3,1.0
21321221,93767,B - block,428.39,2019-11-28T20:57:51.972501,13096,True,1,2,1.0
21321159,92259,B - block,1074.26,2019-11-28T23:54:26.320757,48126,True,1,3,1.0
21321156,92259,B - block,1048.77,2019-11-28T23:59:44.770666,48126,True,1,3,1.0
21321154,92259,B - block,1012.42,2019-11-29T00:01:41.332782,48126,True,1,3,1.0
21321018,6761,B - block,851.52,2019-11-29T16:07:16.029236,38755,True,1,3,1.0
21321008,6761,B - block,785.63,2019-11-29T16:20:43.632265,38755,True,1,3,1.0
21320975,70557,B - block,2633.07,2019-11-29T17:27:47.428017,97291,True,1,2,1.0
21320970,70557,B - block,989.82,2019-11-29T17:40:40.666354,97291,True,1,2,1.0
21320885,27779,B - block,2532.22,2019-11-29T20:55:28.146031,97291,True,1,2,1.0
21320881,27779,B - block,1327.4,2019-11-29T21:03:12.670619,97291,True,1,2,1.0
21320880,55630,B - block,1030.48,2019-11-29T21:04:05.545169,48126,True,1,3,1.0
21320879,55630,B - block,1074.53,2019-11-29T21:07:27.923685,48126,True,1,3,1.0
21320878,55630,B - block,1086.37,2019-11-29T21:09:39.628804,48126,True,1,3,1.0
21320838,21233,B - block,1551.58,2019-11-29T23:44:55.980143,15326,True,1,2,1.0
21320836,21233,B - block,1177.77,2019-11-29T23:53:22.169859,15326,True,1,2,1.0
21320823,52129,B - block,989.12,2019-11-30T00:15:01.756694,3531,True,1,2,1.0
21320814,52129,B - block,248.97,2019-11-30T00:44:40.931756,3531,True,1,2,1.0
21320801,12678,B - block,565.1,2019-11-30T02:07:46.562806,15950,True,1,2,1.0
21320800,12678,B - block,894.55,2019-11-30T02:11:41.018006,15950,True,1,2,1.0
21320790,23429,B - block,815.98,2019-11-30T05:20:29.840330,29744,False,1,2,0.5
21320776,23429,B - block,852.11,2019-11-30T12:37:22.746563,29744,True,1,2,0.5
21320729,21768,B - block,963.89,2019-11-30T15:02:01.356559,44927,True,1,6,1.0
21320726,21768,B - block,1000.26,2019-11-30T15:08:59.460635,44927,True,1,6,1.0
21320721,21768,B - block,1018.48,2019-11-30T15:22:22.764974,44927,True,1,6,1.0
21320710,21768,B - block,987.13,2019-11-30T15:54:15.929622,44927,True,1,6,1.0
21320631,79998,B - block,712.7,2019-11-30T19:01:10.626595,72723,True,1,2,1.0
21320622,79998,B - block,1291.57,2019-11-30T19:11:35.095107,72723,True,1,2,1.0
21320570,47604,B - block,30.27,2019-11-30T21:59:32.669685,23722,True,1,2,1.0
21320566,47604,B - block,90.85,2019-11-30T22:02:25.118117,23722,True,1,2,1.0
21320546,90176,B - block,566.98,2019-12-01T01:07:05.370126,81795,True,1,2,1.0
21320545,90176,B - block,582.63,2019-12-01T01:07:42.861959,81795,True,1,2,1.0
21320533,26251,B - block,991.37,2019-12-01T03:20:10.201079,72723,True,1,2,1.0
21320532,26251,B - block,695.36,2019-12-01T03:35:17.602494,72723,True,1,2,1.0
21320454,21768,B - block,170.69,2019-12-01T16:52:17.571354,67764,True,1,6,1.0
21320453,21768,B - block,1012.16,2019-12-01T16:55:55.203125,67764,True,1,6,1.0
21320432,5541,B - block,2515.13,2019-12-01T19:12:42.641216,49710,True,1,3,1.0
21320430,69758,B - block,2803.32,2019-12-01T19:17:21.731168,56977,True,1,2,1.0
21320426,5541,B - block,2511.43,2019-12-01T19:26:01.352512,11470,True,1,3,1.0
21320424,5541,B - block,2597.51,2019-12-01T19:31:20.047571,53816,True,1,3,1.0
21320401,69758,B - block,2556.13,2019-12-01T21:59:19.797129,68657,True,1,2,1.0
21323497,96512,A - clean,291.87,2019-11-04T15:51:33.224630,26981,False,2,2,0.0
21323488,64435,A - clean,1014.46,2019-11-04T17:02:57.131601,47605,False,2,2,0.0
21323475,64435,A - clean,2019.89,2019-11-04T19:31:03.226275,47605,False,2,2,0.0
21323428,96512,A - clean,480.83,2019-11-06T21:13:55.156869,26981,False,2,2,0.0
21323421,14870,A - clean,1643.96,2019-11-07T15:53:29.299369,82613,False,2,2,0.0
21323420,14870,A - clean,1537.21,2019-11-07T15:56:25.290551,82613,False,2,2,0.0
21323378,38839,A - clean,291.11,2019-11-08T12:27:49.597936,24454,False,2,2,0.0
21323368,95163,A - clean,1620.45,2019-11-08T15:19:50.514392,82113,False,2,2,0.0
21323361,95163,A - clean,50.88,2019-11-08T16:45:43.309312,82113,False,2,2,0.0
21323360,38839,A - clean,221.9,2019-11-08T16:48:20.078836,24454,False,2,2,0.0
21323318,61637,A - clean,442.48,2019-11-09T01:38:38.640833,33641,False,2,2,0.0
21323306,46813,A - clean,434.94,2019-11-09T14:36:31.038753,14646,False,2,2,0.0
21323122,55007,A - clean,519.8,2019-11-13T15:55:57.001961,56710,False,2,2,0.0
21323118,55007,A - clean,152.82,2019-11-13T23:16:11.232866,56710,False,2,2,0.0
21323050,6024,A - clean,5.39,2019-11-15T18:32:20.753779,99679,False,2,2,0.0
21323048,6024,A - clean,10.79,2019-11-15T18:35:48.628972,99679,False,2,2,0.0
21323023,95266,A - clean,1327.7,2019-11-16T01:22:44.013685,32268,False,2,2,0.0
21323022,95266,A - clean,398.28,2019-11-16T01:25:07.322548,32268,False,2,2,0.0
21323015,50672,A - clean,241.47,2019-11-16T12:23:02.208845,7246,False,2,2,0.0
21322986,39157,A - clean,274.14,2019-11-16T20:43:56.633662,46367,False,2,2,0.0
21322923,42388,A - clean,3518.81,2019-11-17T17:48:30.695802,73915,False,2,2,0.0
21322918,1516,A - clean,1354.65,2019-11-17T18:19:35.440542,42687,False,2,2,0.0
21322896,77608,A - clean,830.98,2019-11-17T22:10:32.386385,12157,False,2,2,0.0
21322884,77608,A - clean,1606.5,2019-11-18T01:27:00.476207,12157,False,2,2,0.0
21322881,45797,A - clean,877.05,2019-11-18T11:29:34.710224,94549,False,2,2,0.0
21322878,99850,A - clean,668.78,2019-11-18T12:35:18.402700,8754,False,2,2,0.0
21322861,50329,A - clean,10.3,2019-11-18T14:15:09.543985,12561,False,2,2,0.0
21322843,42388,A - clean,3574.11,2019-11-18T15:27:23.175234,15778,False,2,2,0.0
21322766,45797,A - clean,1197.59,2019-11-18T21:56:22.732359,94549,False,2,2,0.0
21322764,39157,A - clean,268.48,2019-11-18T22:43:17.282834,46367,False,2,2,0.0
21322743,61637,A - clean,303.44,2019-11-19T11:38:09.283893,33641,False,2,2,0.0
21322722,1516,A - clean,3375.01,2019-11-19T15:41:47.368499,42687,False,2,2,0.0
21322684,50329,A - clean,10.63,2019-11-19T21:32:08.912033,12561,False,2,2,0.0
21322624,70198,A - clean,213.76,2019-11-20T21:49:20.159910,95558,False,2,2,0.0
21322575,37798,A - clean,740.09,2019-11-21T16:05:07.909597,26503,False,2,2,0.0
21322565,37798,A - clean,717.19,2019-11-21T16:39:07.311384,26503,False,2,2,0.0
21322419,1668,A - clean,1052.86,2019-11-22T01:55:51.062565,91,False,2,2,0.0
21322389,89626,A - clean,138.19,2019-11-22T11:59:31.602314,92897,False,2,2,0.0
21322366,17246,A - clean,696.59,2019-11-22T13:49:04.932812,22906,False,2,2,0.0
21322358,17246,A - clean,635.41,2019-11-22T14:12:06.695423,22906,False,2,2,0.0
21322342,61644,A - clean,260.23,2019-11-22T14:39:51.508966,42178,False,2,2,0.0
21322334,67226,A - clean,273.87,2019-11-22T14:59:38.196366,7513,False,2,2,0.0
21322332,67226,A - clean,270.69,2019-11-22T15:01:15.865576,7513,False,2,2,0.0
21322251,34482,A - clean,1056.91,2019-11-22T17:46:47.298385,45959,False,2,2,0.0
21322229,23723,A - clean,889.97,2019-11-22T18:28:35.593008,86075,False,2,2,0.0
21322210,7811,A - clean,1665.22,2019-11-22T18:59:36.172382,26765,False,2,2,0.0
21322182,34482,A - clean,588.13,2019-11-22T19:58:13.119976,45959,False,2,2,0.0
21322107,99850,A - clean,2593.15,2019-11-22T22:48:51.853644,8754,False,2,2,0.0
21322023,56986,A - clean,766.58,2019-11-23T12:49:32.730995,88389,False,2,2,0.0
21322022,56986,A - clean,715.09,2019-11-23T12:52:09.559140,88389,False,2,2,0.0
21321864,80432,A - clean,258.12,2019-11-23T18:53:58.393672,22324,False,2,2,0.0
21321863,80432,A - clean,182.24,2019-11-23T18:58:33.787524,22324,False,2,2,0.0
21321802,90169,A - clean,438.55,2019-11-23T20:51:40.169468,36049,False,2,2,0.0
21321672,83670,A - clean,400.29,2019-11-25T13:44:51.310878,68998,False,2,2,0.0
21321665,83670,A - clean,156.78,2019-11-25T15:56:39.176270,68998,False,2,2,0.0
21321579,70198,A - clean,158.63,2019-11-26T16:23:40.088617,95558,False,2,2,0.0
21321500,23723,A - clean,1759.44,2019-11-27T15:18:54.650878,86075,False,2,2,0.0
21321473,39396,A - clean,1010.18,2019-11-27T19:23:13.208126,72204,False,2,2,0.0
21321469,39396,A - clean,1863.43,2019-11-27T19:51:07.145947,72204,False,2,2,0.0
21321446,34172,A - clean,958.91,2019-11-27T23:40:09.548945,11110,False,2,2,0.0
21321443,34172,A - clean,368.57,2019-11-27T23:54:42.832722,11110,False,2,2,0.0
21321406,89626,A - clean,114.3,2019-11-28T13:31:25.978643,92897,False,2,2,0.0
21321404,35268,A - clean,1351.21,2019-11-28T13:38:25.545193,6440,False,2,2,0.0
21321397,35268,A - clean,301.69,2019-11-28T13:51:54.971307,6440,False,2,2,0.0
21321364,46813,A - clean,454.35,2019-11-28T15:34:42.309745,14646,False,2,2,0.0
21321351,7196,A - clean,20.2,2019-11-28T16:06:01.426322,13202,False,2,2,0.0
21321346,1668,A - clean,466.36,2019-11-28T16:22:02.057422,91,False,2,2,0.0
21321295,50672,A - clean,325.2,2019-11-28T18:11:33.473407,7246,False,2,2,0.0
21321239,61644,A - clean,179.87,2019-11-28T20:13:51.701376,42178,False,2,2,0.0
21321219,90148,A - clean,1084.28,2019-11-28T21:04:33.807512,5753,False,2,2,0.0
21321205,90148,A - clean,1169.23,2019-11-28T21:34:03.669117,5753,False,2,2,0.0
21321182,34109,A - clean,1212.91,2019-11-28T22:50:22.478205,82317,False,2,2,0.0
21321143,34109,A - clean,1831.65,2019-11-29T01:01:59.476600,82317,False,2,2,0.0
21321058,86483,A - clean,898.39,2019-11-29T14:20:44.303096,83044,False,2,2,0.0
21321057,86483,A - clean,509.42,2019-11-29T14:24:32.326874,83044,False,2,2,0.0
21321030,38249,A - clean,253.54,2019-11-29T15:30:13.522652,46129,False,2,2,0.0
21320999,38249,A - clean,296.08,2019-11-29T16:37:22.124365,46129,False,2,2,0.0
21320860,7196,A - clean,583.62,2019-11-29T22:27:49.420166,13202,False,2,2,0.0
21320851,66147,A - clean,1270.13,2019-11-29T23:04:09.128533,57534,False,2,2,0.0
21320849,1836,A - clean,447.23,2019-11-29T23:11:05.116633,23591,False,2,2,0.0
21320848,1836,A - clean,708.34,2019-11-29T23:12:53.556465,23591,False,2,2,0.0
21320846,66147,A - clean,669.17,2019-11-29T23:13:04.591082,57534,False,2,2,0.0
21320840,83452,A - clean,1343.3,2019-11-29T23:32:53.536088,29744,False,2,2,0.0
21320791,83452,A - clean,802.66,2019-11-30T03:56:15.177049,29744,False,2,2,0.0
21320751,11383,A - clean,102.02,2019-11-30T14:15:41.432020,25496,False,2,2,0.0
21320747,11383,A - clean,569.31,2019-11-30T14:19:59.930299,25496,False,2,2,0.0
21320684,79725,A - clean,213.06,2019-11-30T16:55:58.311074,27494,False,2,2,0.0
21320650,79725,A - clean,90.4,2019-11-30T18:11:34.305736,27494,False,2,2,0.0
21320583,7811,A - clean,460.27,2019-11-30T21:00:40.109909,26765,False,2,2,0.0
21320524,69321,A - clean,413.81,2019-12-01T11:23:56.934662,3097,False,2,2,0.0
21320449,69321,A - clean,199.28,2019-12-01T17:31:28.218072,3097,False,2,2,0.0
21320429,40302,A - clean,854.05,2019-12-01T19:19:50.578641,86777,False,2,2,0.0
21320418,40302,A - clean,902.87,2019-12-01T19:48:37.168884,86777,False,2,2,0.0
21320408,90169,A - clean,209.05,2019-12-01T20:48:10.921857,36049,False,2,2,0.0
21323596,8,A - clean,2416.7,2019-11-01T01:27:15.811098,17348,False,1,1,0.0
21323595,7,A - clean,359.68,2019-11-01T01:29:45.799767,35930,False,1,1,0.0
21323593,59275,A - clean,1403.67,2019-11-01T11:47:02.404963,9603,False,1,1,0.0
21323592,49581,A - clean,744.15,2019-11-01T13:05:34.054967,50493,False,1,1,0.0
21323591,19248,A - clean,1537.31,2019-11-01T14:30:36.417602,13371,False,1,1,0.0
21323590,38415,A - clean,2368.92,2019-11-01T14:33:11.280461,15140,False,1,1,0.0
21323589,84944,A - clean,360.92,2019-11-01T16:20:00.178559,13371,False,1,1,0.0
21323588,93741,A - clean,595.47,2019-11-01T16:50:32.916048,50493,False,1,1,0.0
21323587,19,A - clean,165.14,2019-11-01T17:52:57.071163,82477,False,1,1,0.0
21323586,7536,A - clean,242.04,2019-11-01T18:03:53.414141,63526,False,1,1,0.0
21323585,42933,A - clean,145.05,2019-11-01T18:42:33.046459,15371,False,1,1,0.0
21323584,80414,A - clean,10.26,2019-11-01T18:53:33.736618,52493,False,1,1,0.0
21323582,90526,A - clean,230.36,2019-11-01T19:22:17.917474,25726,False,1,1,0.0
21323581,73854,A - clean,503.73,2019-11-01T19:25:29.380218,50653,False,1,1,0.0
21323580,94007,A - clean,1155.28,2019-11-01T19:33:12.270004,31960,False,1,1,0.0
21323579,79226,A - clean,85.37,2019-11-01T20:09:43.134758,656,False,1,1,0.0
21323577,89530,A - clean,2517.56,2019-11-01T21:46:32.773333,3659,False,1,1,0.0
21323575,93012,A - clean,288.95,2019-11-01T23:29:37.155528,82477,False,1,1,0.0
21323574,77665,A - clean,1536.51,2019-11-01T23:32:18.458369,74727,False,1,1,0.0
21323573,69106,A - clean,384.5,2019-11-02T01:27:23.590965,31030,False,1,1,0.0
21323572,7682,A - clean,1200.82,2019-11-02T10:01:01.311731,33192,False,1,1,0.0
21323571,72424,A - clean,4044.35,2019-11-02T12:09:00.766011,32186,False,1,1,0.0
21323570,66627,A - clean,327.45,2019-11-02T13:17:15.136325,63526,False,1,1,0.0
21323569,57584,A - clean,707.02,2019-11-02T14:07:07.431292,50493,False,1,1,0.0
21323568,19559,A - clean,713.54,2019-11-02T14:07:48.969239,93881,False,1,1,0.0
21323567,58019,A - clean,852.73,2019-11-02T14:50:11.150432,50493,False,1,1,0.0
21323566,96780,A - clean,234.8,2019-11-02T14:56:28.714894,42546,False,1,1,0.0
21323565,73391,A - clean,4054.06,2019-11-02T15:35:54.844270,12729,False,1,1,0.0
21323564,69750,A - clean,3084.48,2019-11-02T16:08:15.927284,62052,False,1,1,0.0
21323562,55918,A - clean,709.03,2019-11-02T16:40:34.504886,26765,False,1,1,0.0
21323561,63398,A - clean,568.0,2019-11-02T16:55:19.118819,17348,False,1,1,0.0
21323560,20595,A - clean,3438.59,2019-11-02T16:59:38.725588,88549,False,1,1,0.0
21323559,6868,A - clean,170.34,2019-11-02T17:00:26.411653,85032,False,1,1,0.0
21323558,9790,A - clean,559.49,2019-11-02T17:06:52.588212,16266,False,1,1,0.0
21323557,13609,A - clean,2554.87,2019-11-02T18:02:21.546635,98777,False,1,1,0.0
21323556,15154,A - clean,354.8,2019-11-02T18:03:08.240532,35930,False,1,1,0.0
21323553,23285,A - clean,2124.27,2019-11-02T18:56:58.995314,15858,False,1,1,0.0
21323552,14506,A - clean,40.27,2019-11-02T19:26:53.797760,60381,False,1,1,0.0
21323551,55455,A - clean,2232.36,2019-11-02T21:45:48.013054,93711,False,1,1,0.0
21323550,19244,A - clean,2313.57,2019-11-02T21:56:54.041701,95499,False,1,1,0.0
21323549,57366,A - clean,184.19,2019-11-02T22:39:56.338102,49205,False,1,1,0.0
21323548,90424,A - clean,331.59,2019-11-03T00:05:00.885981,828,False,1,1,0.0
21323547,29880,A - clean,1043.63,2019-11-03T01:04:17.034656,19812,False,1,1,0.0
21323546,85483,A - clean,491.61,2019-11-03T12:57:38.781564,71701,False,1,1,0.0
21323545,97724,A - clean,2515.47,2019-11-03T13:12:47.931435,57839,False,1,1,0.0
21323544,66117,A - clean,620.77,2019-11-03T13:42:37.700618,50653,False,1,1,0.0
21323543,98987,A - clean,2578.16,2019-11-03T14:00:16.675778,90572,False,1,1,0.0
21323542,65386,A - clean,4026.57,2019-11-03T15:20:14.400933,48645,False,1,1,0.0
21323541,64703,A - clean,388.8,2019-11-03T16:07:58.069405,8549,False,1,1,0.0
21323536,22392,A - clean,88.79,2019-11-03T16:28:38.429655,26981,False,1,1,0.0
21323535,31451,A - clean,348.0,2019-11-03T16:44:10.941533,17348,False,1,1,0.0
21323534,56052,A - clean,78.47,2019-11-03T16:54:57.585883,59324,False,1,1,0.0
21323532,51296,A - clean,577.53,2019-11-03T18:15:15.215890,92443,False,1,1,0.0
21323531,50105,A - clean,2.56,2019-11-03T18:25:07.144038,57964,False,1,2,0.0
21323530,50105,A - clean,2.42,2019-11-03T18:34:54.311401,57964,False,1,2,0.0
21323529,11460,A - clean,459.07,2019-11-03T19:17:03.003590,17348,False,1,1,0.0
21323528,39273,A - clean,613.19,2019-11-03T19:20:00.010232,57903,False,1,2,0.0
21323526,64994,A - clean,1673.91,2019-11-03T19:58:22.671619,6984,False,1,1,0.0
21323525,88906,A - clean,32.28,2019-11-03T20:07:33.186149,53202,False,1,1,0.0
21323524,58698,A - clean,1564.26,2019-11-03T20:10:17.409836,10697,False,1,1,0.0
21323523,15648,A - clean,2167.22,2019-11-03T20:14:28.977844,17348,False,1,1,0.0
21323522,266,A - clean,417.19,2019-11-03T20:24:50.039652,4039,False,1,2,0.0
21323521,266,A - clean,235.7,2019-11-03T20:25:23.212894,4039,False,1,2,0.0
21323520,51571,A - clean,2060.85,2019-11-03T20:49:37.497945,93225,False,1,1,0.0
21323519,47887,A - clean,253.23,2019-11-03T21:26:27.168349,70838,False,1,1,0.0
21323517,72362,A - clean,682.79,2019-11-03T22:54:40.016438,11863,False,1,1,0.0
21323516,81105,A - clean,709.84,2019-11-03T23:18:38.584183,94513,False,1,1,0.0
21323515,20036,A - clean,577.99,2019-11-03T23:44:32.780197,71701,False,1,1,0.0
21323514,72498,A - clean,661.2,2019-11-04T10:25:35.687658,91013,False,1,1,0.0
21323510,89825,A - clean,1367.04,2019-11-04T11:28:09.229008,75684,False,1,1,0.0
21323509,85794,A - clean,178.66,2019-11-04T12:31:10.483487,99333,False,1,1,0.0
21323505,28412,A - clean,267.82,2019-11-04T13:22:33.416316,70701,False,1,1,0.0
21323504,52579,A - clean,33.38,2019-11-04T13:42:56.148303,92088,False,1,1,0.0
21323503,65249,A - clean,300.51,2019-11-04T14:23:12.981384,49205,False,1,1,0.0
21323502,24601,A - clean,987.11,2019-11-04T14:49:27.766386,62937,False,1,1,0.0
21323499,69317,A - clean,3059.26,2019-11-04T15:02:55.540523,17348,False,1,1,0.0
21323498,65676,A - clean,203.88,2019-11-04T15:28:32.698696,3194,False,1,1,0.0
21323496,58799,A - clean,93.83,2019-11-04T15:57:26.474582,1356,False,1,2,0.0
21323495,77201,A - clean,1284.8,2019-11-04T16:02:46.772603,51052,False,1,1,0.0
21323494,75029,A - clean,174.75,2019-11-04T16:05:13.626531,6112,False,1,1,0.0
21323493,27891,A - clean,999.42,2019-11-04T16:21:23.510467,60121,False,1,1,0.0
21323492,42427,A - clean,361.91,2019-11-04T16:29:09.353943,49205,False,1,1,0.0
21323491,19160,A - clean,677.91,2019-11-04T16:31:43.318149,36929,False,1,1,0.0
21323490,75078,A - clean,1603.01,2019-11-04T16:48:15.151134,18428,False,1,1,0.0
21323489,31492,A - clean,1520.62,2019-11-04T16:57:13.083365,15140,False,1,1,0.0
21323487,10778,A - clean,1063.98,2019-11-04T17:17:12.191237,41525,False,1,1,0.0
21323486,48874,A - clean,58.77,2019-11-04T17:18:08.325280,7217,False,1,1,0.0
21323485,31672,A - clean,173.26,2019-11-04T17:28:13.327990,1356,False,1,1,0.0
21323484,65182,A - clean,927.16,2019-11-04T17:40:30.516811,50537,False,1,1,0.0
21323483,59102,A - clean,688.03,2019-11-04T17:44:26.848736,19258,False,1,1,0.0
21323482,72132,A - clean,1073.22,2019-11-04T17:45:40.752939,25671,False,1,2,0.0
21323481,72132,A - clean,1082.59,2019-11-04T18:34:15.072583,25671,False,1,2,0.0
21323480,81859,A - clean,599.11,2019-11-04T18:41:53.106673,4976,False,1,1,0.0
21323479,58248,A - clean,427.95,2019-11-04T18:44:30.349353,85032,False,1,1,0.0
21323478,52740,A - clean,809.23,2019-11-04T18:50:17.316632,42333,False,1,1,0.0
21323477,62483,A - clean,2521.23,2019-11-04T18:56:31.913529,50970,False,1,1,0.0
21323476,2361,A - clean,45.39,2019-11-04T19:18:36.277267,29931,False,1,1,0.0
21323474,23201,A - clean,2164.71,2019-11-04T19:32:19.960856,56239,False,1,2,0.0
21323473,19971,A - clean,248.09,2019-11-04T19:40:40.147393,95110,False,1,1,0.0
21323472,53727,A - clean,166.87,2019-11-04T19:45:56.937834,11506,False,1,1,0.0
21323471,81805,A - clean,566.53,2019-11-04T21:06:21.052118,75670,False,1,1,0.0
21323470,72941,A - clean,2267.25,2019-11-04T21:21:45.509357,93711,False,1,1,0.0
21323469,89071,A - clean,260.23,2019-11-04T22:39:01.133276,33167,False,1,2,0.0
21323468,42774,A - clean,687.91,2019-11-04T22:39:19.600419,23159,False,1,1,0.0
21323467,25391,A - clean,2876.39,2019-11-04T23:36:29.446274,17348,False,1,1,0.0
21323466,68095,A - clean,73.95,2019-11-05T00:07:42.087701,3194,False,1,1,0.0
21323465,37176,A - clean,131.69,2019-11-05T00:40:05.815685,9842,False,1,1,0.0
21323464,19891,A - clean,577.79,2019-11-05T00:50:07.687395,38109,False,1,1,0.0
21323463,95534,A - clean,165.64,2019-11-05T01:17:25.741778,60296,False,1,1,0.0
21323462,75841,A - clean,369.25,2019-11-05T02:31:38.940392,59777,False,1,1,0.0
21323460,43508,A - clean,1056.76,2019-11-05T11:47:27.624219,93225,False,1,1,0.0
21323458,66526,A - clean,140.69,2019-11-05T11:55:52.170498,10213,False,1,1,0.0
21323457,63416,A - clean,2274.33,2019-11-05T12:42:48.112223,17348,False,1,1,0.0
21323456,34426,A - clean,189.86,2019-11-05T13:14:10.862995,88242,False,1,1,0.0
21323455,75776,A - clean,189.75,2019-11-05T13:34:22.184357,70405,False,1,1,0.0
21323454,68379,A - clean,249.93,2019-11-05T14:05:18.172297,70405,False,1,1,0.0
21323453,73114,A - clean,205.44,2019-11-05T14:26:58.208950,40983,False,1,1,0.0
21323452,43388,A - clean,323.93,2019-11-05T14:30:51.071809,70405,False,1,1,0.0
21323451,66600,A - clean,233.4,2019-11-05T15:32:32.858441,79698,False,1,1,0.0
21323450,83317,A - clean,664.29,2019-11-05T15:40:28.067004,33116,False,1,1,0.0
21323449,10054,A - clean,418.23,2019-11-05T15:40:59.073850,53871,False,1,1,0.0
21323448,12895,A - clean,1500.31,2019-11-05T16:26:29.456218,41438,False,1,1,0.0
21323447,91822,A - clean,383.06,2019-11-05T16:39:46.740425,49205,False,1,1,0.0
21323446,79979,A - clean,379.12,2019-11-05T19:13:27.140437,81433,False,1,1,0.0
21323445,29073,A - clean,211.35,2019-11-05T20:44:00.216604,84548,False,1,1,0.0
21323444,93288,A - clean,259.26,2019-11-05T20:53:15.752353,49205,False,1,1,0.0
21323441,23575,A - clean,380.8,2019-11-05T23:24:17.249613,32076,False,1,1,0.0
21323439,14207,A - clean,271.0,2019-11-06T02:51:38.752053,17763,False,1,1,0.0
21323438,20191,A - clean,2257.53,2019-11-06T11:08:33.935894,84868,False,1,2,0.0
21323436,45464,A - clean,2730.46,2019-11-06T12:50:57.644370,32186,False,1,1,0.0
21323435,30401,A - clean,249.06,2019-11-06T14:15:20.741602,30370,False,1,1,0.0
21323434,57564,A - clean,20.24,2019-11-06T14:31:16.694016,77262,False,1,1,0.0
21323433,21994,A - clean,253.01,2019-11-06T14:44:44.100078,34433,False,1,1,0.0
21323432,37125,A - clean,301.87,2019-11-06T15:03:01.745200,92835,False,1,1,0.0
21323431,41964,A - clean,169.18,2019-11-06T17:06:31.469939,57964,False,1,1,0.0
21323430,48260,A - clean,2248.3,2019-11-06T17:20:40.817620,17348,False,1,1,0.0
21323429,86059,A - clean,1617.45,2019-11-06T20:13:28.838443,13371,False,1,1,0.0
21323427,83420,A - clean,238.53,2019-11-06T22:24:12.300495,42060,False,1,1,0.0
21323426,75386,A - clean,347.03,2019-11-07T02:59:31.329079,12339,False,1,1,0.0
21323425,42525,A - clean,425.48,2019-11-07T12:20:38.952600,828,False,1,1,0.0
21323424,41827,A - clean,227.33,2019-11-07T14:44:10.735198,79530,False,1,1,0.0
21323423,69145,A - clean,144.41,2019-11-07T14:53:42.373180,31960,False,1,1,0.0
21323422,71326,A - clean,259.8,2019-11-07T15:06:05.569242,62746,False,1,1,0.0
21323419,775,A - clean,1452.46,2019-11-07T16:03:51.346416,20465,False,1,1,0.0
21323418,53501,A - clean,642.82,2019-11-07T16:08:21.192063,84548,False,1,1,0.0
21323417,27370,A - clean,80.52,2019-11-07T16:15:47.957004,9595,False,1,1,0.0
21323416,48817,A - clean,507.81,2019-11-07T16:57:58.866734,8863,False,1,1,0.0
21323414,63711,A - clean,588.71,2019-11-07T17:46:41.827567,25103,False,1,1,0.0
21323413,62660,A - clean,138.41,2019-11-07T18:05:06.644180,25653,False,1,1,0.0
21323412,63267,A - clean,48.22,2019-11-07T18:11:18.932461,9842,False,1,1,0.0
21323411,29414,A - clean,364.63,2019-11-07T18:25:39.085712,15371,False,1,1,0.0
21323410,54743,A - clean,1378.3,2019-11-07T18:32:06.501902,28279,False,1,1,0.0
21323409,57128,A - clean,1896.07,2019-11-07T18:32:35.750370,17348,False,1,1,0.0
21323408,33720,A - clean,336.93,2019-11-07T18:35:44.156425,72355,False,1,1,0.0
21323407,31162,A - clean,100.56,2019-11-07T18:36:44.826703,87938,False,1,1,0.0
21323406,33782,A - clean,1824.43,2019-11-07T18:40:37.604614,70989,False,1,1,0.0
21323405,71499,A - clean,561.39,2019-11-07T18:53:52.693896,46790,False,1,1,0.0
21323404,34705,A - clean,929.57,2019-11-07T18:59:13.052494,51474,False,1,1,0.0
21323403,51595,A - clean,366.35,2019-11-07T18:59:30.164704,93881,False,1,1,0.0
21323402,41381,A - clean,75.7,2019-11-07T19:08:59.785933,54702,False,1,1,0.0
21323401,91699,A - clean,132.01,2019-11-07T19:28:32.870730,53303,False,1,1,0.0
21323400,67241,A - clean,386.15,2019-11-07T19:57:16.486333,26981,False,1,1,0.0
21323399,26467,A - clean,1452.41,2019-11-07T20:31:28.464081,44599,False,1,1,0.0
21323398,23391,A - clean,645.84,2019-11-07T20:42:41.266921,61530,False,1,1,0.0
21323397,15146,A - clean,1676.33,2019-11-07T21:17:41.366287,30727,False,1,1,0.0
21323396,52047,A - clean,469.82,2019-11-07T21:19:57.879390,51809,False,1,1,0.0
21323395,8418,A - clean,584.44,2019-11-07T21:44:31.771136,51809,False,1,1,0.0
21323394,41202,A - clean,90.76,2019-11-07T21:47:35.447424,99653,False,1,1,0.0
21323393,5798,A - clean,10.32,2019-11-07T21:47:54.286935,86197,False,1,1,0.0
21323392,167,A - clean,75.78,2019-11-07T22:02:33.150491,53593,False,1,1,0.0
21323390,32445,A - clean,267.6,2019-11-07T22:33:28.175058,13720,False,1,1,0.0
21323389,63042,A - clean,3258.26,2019-11-07T23:08:54.510017,17348,False,1,1,0.0
21323388,65407,A - clean,153.19,2019-11-07T23:42:11.094844,57964,False,1,1,0.0
21323387,27183,A - clean,16.51,2019-11-08T00:03:23.477337,991,False,1,2,0.0
21323386,62166,A - clean,774.55,2019-11-08T00:31:39.112778,79698,False,1,1,0.0
21323385,32313,A - clean,15.68,2019-11-08T00:44:53.913164,21945,False,1,1,0.0
21323384,85801,A - clean,307.58,2019-11-08T01:14:00.612505,79698,False,1,1,0.0
21323383,55620,A - clean,208.56,2019-11-08T01:42:46.281276,79698,False,1,1,0.0
21323382,6017,A - clean,2155.38,2019-11-08T02:36:00.643028,217,False,1,1,0.0
21323381,92818,A - clean,267.26,2019-11-08T10:48:27.291351,33192,False,1,1,0.0
21323380,52964,A - clean,182.17,2019-11-08T11:23:22.726272,76725,False,1,1,0.0
21323379,27183,A - clean,1704.32,2019-11-08T12:19:01.998957,991,False,1,2,0.0
21323377,82081,A - clean,420.21,2019-11-08T12:39:29.497367,6112,False,1,1,0.0
21323376,49052,A - clean,1305.58,2019-11-08T13:04:00.958182,57903,False,1,1,0.0
21323375,59735,A - clean,401.78,2019-11-08T13:04:57.516070,32690,False,1,1,0.0
21323374,68418,A - clean,197.87,2019-11-08T13:10:16.582324,71193,False,1,1,0.0
21323373,1266,A - clean,144.43,2019-11-08T13:28:11.360946,96757,False,1,1,0.0
21323372,54506,A - clean,801.18,2019-11-08T13:46:20.754766,55813,False,1,1,0.0
21323371,71270,A - clean,518.46,2019-11-08T14:35:28.560271,3597,False,1,1,0.0
21323370,79495,A - clean,2312.29,2019-11-08T15:12:28.111445,41828,False,1,1,0.0
21323369,34810,A - clean,1627.77,2019-11-08T15:16:07.463645,68266,False,1,1,0.0
21323367,24223,A - clean,2590.71,2019-11-08T15:24:09.686480,33790,False,1,1,0.0
21323366,71824,A - clean,795.76,2019-11-08T15:26:16.203737,53732,False,1,1,0.0
21323365,88055,A - clean,679.95,2019-11-08T15:47:44.240189,36411,False,1,1,0.0
21323364,23365,A - clean,265.16,2019-11-08T15:58:12.611833,6112,False,1,1,0.0
21323363,35362,A - clean,619.23,2019-11-08T16:18:52.609388,45827,False,1,1,0.0
21323362,62592,A - clean,259.66,2019-11-08T16:24:54.771542,4039,False,1,1,0.0
21323359,4058,A - clean,181.05,2019-11-08T17:15:24.343939,18874,False,1,1,0.0
21323358,4688,A - clean,382.25,2019-11-08T17:42:16.335531,43078,False,1,1,0.0
21323357,89319,A - clean,2029.46,2019-11-08T18:08:46.470267,86197,False,1,1,0.0
21323356,12681,A - clean,550.56,2019-11-08T18:29:40.543632,91828,False,1,1,0.0
21323355,67770,A - clean,2745.97,2019-11-08T18:39:44.247954,57589,False,1,1,0.0
21323354,99153,A - clean,590.98,2019-11-08T18:45:43.054698,45827,False,1,1,0.0
21323353,39503,A - clean,262.29,2019-11-08T18:57:31.869963,92441,False,1,1,0.0
21323352,7297,A - clean,445.94,2019-11-08T19:07:49.194750,12383,False,1,1,0.0
21323351,51409,A - clean,706.28,2019-11-08T19:57:41.772381,48866,False,1,1,0.0
21323350,76234,A - clean,636.24,2019-11-08T19:57:55.049256,86760,False,1,1,0.0
21323349,71248,A - clean,232.32,2019-11-08T19:59:54.119565,49205,False,1,1,0.0
21323348,82462,A - clean,442.61,2019-11-08T20:04:36.801885,96553,False,1,1,0.0
21323347,42581,A - clean,10.21,2019-11-08T20:06:59.091511,44668,False,1,1,0.0
21323346,39355,A - clean,672.87,2019-11-08T20:16:11.858932,29931,False,1,1,0.0
21323345,20892,A - clean,666.57,2019-11-08T20:17:48.913076,49205,False,1,1,0.0
21323344,68769,A - clean,372.28,2019-11-08T20:21:32.399104,97629,False,1,1,0.0
21323340,25173,A - clean,503.24,2019-11-08T20:46:36.990057,44397,False,1,1,0.0
21323339,65346,A - clean,65.76,2019-11-08T20:50:14.152549,4129,False,1,1,0.0
21323338,73005,A - clean,1376.28,2019-11-08T20:54:41.516344,22532,False,1,1,0.0
21323337,50685,A - clean,646.93,2019-11-08T21:04:42.444853,79698,False,1,2,0.0
21323334,92589,A - clean,1117.75,2019-11-08T22:05:08.741490,14508,False,1,1,0.0
21323333,13639,A - clean,417.45,2019-11-08T22:05:51.488103,22142,False,1,1,0.0
21323332,1703,A - clean,270.72,2019-11-08T22:53:28.544844,26981,False,1,2,0.0
21323324,23633,A - clean,3496.94,2019-11-08T23:47:41.577043,17348,False,1,1,0.0
21323323,88035,A - clean,187.07,2019-11-08T23:53:36.598919,92441,False,1,1,0.0
21323322,67045,A - clean,313.25,2019-11-09T00:15:58.728040,1084,False,1,1,0.0
21323319,49562,A - clean,1255.62,2019-11-09T01:25:34.221395,88242,False,1,1,0.0
21323317,76756,A - clean,1282.24,2019-11-09T10:32:58.519698,68998,False,1,1,0.0
21323316,88623,A - clean,410.07,2019-11-09T12:21:19.035265,93881,False,1,1,0.0
21323315,17849,A - clean,726.43,2019-11-09T12:35:09.243450,79698,False,1,1,0.0
21323314,50685,A - clean,599.27,2019-11-09T12:43:50.137600,79698,False,1,2,0.0
21323313,58702,A - clean,963.13,2019-11-09T12:45:32.512319,39273,False,1,1,0.0
21323312,93871,A - clean,2020.2,2019-11-09T12:56:04.298744,93225,False,1,1,0.0
21323311,51688,A - clean,165.95,2019-11-09T13:35:38.014931,12476,False,1,1,0.0
21323309,95957,A - clean,215.23,2019-11-09T14:20:38.907724,70454,False,1,1,0.0
21323308,71002,A - clean,98.12,2019-11-09T14:23:28.198435,65855,False,1,1,0.0
21323307,97923,A - clean,30.24,2019-11-09T14:31:17.544613,7313,False,1,1,0.0
21323305,34612,A - clean,3721.73,2019-11-09T15:31:56.712254,81977,False,1,1,0.0
21323304,39061,A - clean,127.27,2019-11-09T15:35:18.774053,79530,False,1,1,0.0
21323303,13395,A - clean,70.85,2019-11-09T15:57:33.691551,25083,False,1,1,0.0
21323302,61941,A - clean,204.11,2019-11-09T15:59:26.784182,25726,False,1,1,0.0
21323301,14157,A - clean,2427.53,2019-11-09T16:17:04.770149,62891,False,1,1,0.0
21323300,9612,A - clean,1193.45,2019-11-09T16:28:49.657274,58973,False,1,1,0.0
21323299,52932,A - clean,366.38,2019-11-09T16:58:32.892262,58209,False,1,1,0.0
21323298,20354,A - clean,238.67,2019-11-09T17:23:32.968084,59777,False,1,1,0.0
21323297,88003,A - clean,98.88,2019-11-09T17:39:03.916084,43078,False,1,1,0.0
21323296,39273,A - clean,381.01,2019-11-09T17:49:45.787340,57903,False,1,2,0.0
21323295,72856,A - clean,280.48,2019-11-09T17:57:02.546871,87081,False,1,1,0.0
21323294,64526,A - clean,340.9,2019-11-09T18:08:27.541279,76725,False,1,1,0.0
21323293,14303,A - clean,471.78,2019-11-09T18:16:08.121341,88505,False,1,1,0.0
21323292,83284,A - clean,303.73,2019-11-09T18:36:25.495171,43078,False,1,1,0.0
21323291,5058,A - clean,1683.57,2019-11-09T18:50:13.429002,45488,False,1,1,0.0
21323290,59560,A - clean,80.24,2019-11-09T18:52:59.763061,65211,False,1,1,0.0
21323289,42122,A - clean,99.17,2019-11-09T18:53:52.790544,26765,False,1,1,0.0
21323287,6363,A - clean,2483.91,2019-11-09T19:11:38.517080,96704,False,1,2,0.0
21323286,31324,A - clean,50.19,2019-11-09T19:12:06.251857,87013,False,1,1,0.0
21323285,72722,A - clean,140.13,2019-11-09T19:29:12.835573,96553,False,1,1,0.0
21323283,25488,A - clean,150.54,2019-11-09T20:04:44.834212,25726,False,1,1,0.0
21323282,13251,A - clean,90.65,2019-11-09T20:10:48.632109,4129,False,1,1,0.0
21323280,19922,A - clean,947.4,2019-11-09T20:20:30.539424,28647,False,1,1,0.0
21323279,66539,A - clean,633.62,2019-11-09T20:34:07.569200,11863,False,1,1,0.0
21323278,6363,A - clean,504.57,2019-11-09T20:47:33.124327,96704,False,1,2,0.0
21323276,64341,A - clean,701.54,2019-11-09T20:59:54.936038,79698,False,1,1,0.0
21323275,57376,A - clean,80.41,2019-11-09T21:42:09.762242,59777,False,1,1,0.0
21323274,94240,A - clean,178.12,2019-11-09T22:01:27.200538,45959,False,1,1,0.0
21323273,82527,A - clean,80.65,2019-11-09T22:04:55.545364,88242,False,1,1,0.0
21323272,56008,A - clean,646.18,2019-11-09T23:19:06.920243,11863,False,1,1,0.0
21323271,12552,A - clean,231.19,2019-11-09T23:41:50.888427,55127,False,1,1,0.0
21323270,5111,A - clean,387.76,2019-11-09T23:43:56.790796,72355,False,1,1,0.0
21323269,45320,A - clean,819.09,2019-11-10T00:15:05.671850,56239,False,1,1,0.0
21323268,15914,A - clean,211.63,2019-11-10T00:25:58.974791,13720,False,1,1,0.0
21323267,69839,A - clean,847.35,2019-11-10T01:08:36.841865,94047,False,1,1,0.0
21323266,50781,A - clean,934.62,2019-11-10T01:18:09.888203,89931,False,1,1,0.0
21323265,67973,A - clean,587.01,2019-11-10T01:19:58.275173,1356,False,1,1,0.0
21323263,46579,A - clean,243.77,2019-11-10T01:37:37.127100,26981,False,1,1,0.0
21323262,86243,A - clean,612.95,2019-11-10T01:47:15.636884,11863,False,1,1,0.0
21323261,33201,A - clean,417.53,2019-11-10T05:43:51.509533,79698,False,1,1,0.0
21323260,28198,A - clean,409.15,2019-11-10T09:25:49.067206,30643,False,1,1,0.0
21323259,99344,A - clean,280.94,2019-11-10T11:29:25.868674,46367,False,1,1,0.0
21323258,57416,A - clean,1762.04,2019-11-10T11:36:03.860990,93711,False,1,1,0.0
21323257,18345,A - clean,303.08,2019-11-10T12:38:55.471184,88242,False,1,1,0.0
21323256,95180,A - clean,3079.26,2019-11-10T13:09:18.127238,29817,False,1,1,0.0
21323255,74698,A - clean,227.88,2019-11-10T13:46:27.242077,52378,False,1,1,0.0
21323254,87030,A - clean,230.53,2019-11-10T13:59:26.668597,25726,False,1,1,0.0
21323253,62940,A - clean,748.69,2019-11-10T14:03:18.129812,8863,False,1,1,0.0
21323252,55520,A - clean,1218.52,2019-11-10T14:06:18.325070,14582,False,1,1,0.0
21323251,82807,A - clean,630.73,2019-11-10T14:18:32.943024,70729,False,1,1,0.0
21323250,64322,A - clean,468.83,2019-11-10T14:23:52.924124,97342,False,1,1,0.0
21323249,52209,A - clean,307.9,2019-11-10T14:36:56.654723,88242,False,1,1,0.0
21323248,56092,A - clean,702.49,2019-11-10T14:38:34.136669,36411,False,1,1,0.0
21323247,84501,A - clean,546.44,2019-11-10T14:40:50.938533,20194,False,1,1,0.0
21323246,55556,A - clean,200.84,2019-11-10T14:49:49.837316,57839,False,1,1,0.0
21323245,52528,A - clean,458.89,2019-11-10T14:51:42.923460,40591,False,1,1,0.0
21323244,84730,A - clean,561.34,2019-11-10T16:15:05.469610,26765,False,1,2,0.0
21323243,66874,A - clean,674.4,2019-11-10T16:24:22.145398,72386,False,1,1,0.0
21323242,80239,A - clean,219.04,2019-11-10T16:24:49.908393,29931,False,1,1,0.0
21323241,37183,A - clean,1561.5,2019-11-10T16:36:11.566896,84985,False,1,1,0.0
21323240,46469,A - clean,2152.53,2019-11-10T16:37:54.736979,28269,False,1,1,0.0
21323239,7488,A - clean,96.3,2019-11-10T16:37:59.357946,88242,False,1,1,0.0
21323238,55432,A - clean,1718.59,2019-11-10T16:47:15.904726,62052,False,1,1,0.0
21323237,58786,A - clean,608.87,2019-11-10T16:53:49.653114,38109,False,1,1,0.0
21323236,67017,A - clean,335.38,2019-11-10T17:03:09.780448,49205,False,1,1,0.0
21323235,71077,A - clean,335.81,2019-11-10T17:06:55.290240,17163,False,1,1,0.0
21323234,97202,A - clean,186.66,2019-11-10T17:11:07.836490,76725,False,1,1,0.0
21323233,11075,A - clean,1825.43,2019-11-10T17:19:51.024655,80964,False,1,1,0.0
21323232,96719,A - clean,1643.24,2019-11-10T17:24:02.575286,32763,False,1,1,0.0
21323231,21035,A - clean,622.96,2019-11-10T17:44:17.985389,15576,False,1,1,0.0
21323229,95797,A - clean,90.36,2019-11-10T17:59:16.947207,9456,False,1,1,0.0
21323228,5768,A - clean,469.33,2019-11-10T18:11:49.943200,17763,False,1,1,0.0
21323227,62392,A - clean,630.6,2019-11-10T18:18:01.369282,49205,False,1,1,0.0
21323226,13345,A - clean,45.55,2019-11-10T18:40:24.671120,59248,False,1,1,0.0
21323225,50380,A - clean,164.94,2019-11-10T18:48:28.130917,79698,False,1,1,0.0
21323224,70760,A - clean,145.69,2019-11-10T19:08:37.156901,95499,False,1,1,0.0
21323223,277,A - clean,2402.74,2019-11-10T19:14:39.747962,62966,False,1,1,0.0
21323222,33570,A - clean,303.38,2019-11-10T19:31:28.814512,29931,False,1,1,0.0
21323220,42856,A - clean,143.93,2019-11-10T19:52:55.536019,31659,False,1,1,0.0
21323219,92926,A - clean,5.43,2019-11-10T21:11:49.087007,36929,False,1,1,0.0
21323218,58152,A - clean,1062.33,2019-11-10T21:45:03.258195,39705,False,1,1,0.0
21323217,98123,A - clean,78.71,2019-11-10T21:48:14.451810,43078,False,1,1,0.0
21323215,20554,A - clean,1447.2,2019-11-10T22:12:30.384049,25373,False,1,1,0.0
21323214,9271,A - clean,213.71,2019-11-10T23:20:29.926307,96610,False,1,1,0.0
21323211,28046,A - clean,902.88,2019-11-11T00:00:03.549075,3115,False,1,1,0.0
21323210,79383,A - clean,244.59,2019-11-11T00:20:50.964967,20465,False,1,1,0.0
21323209,68656,A - clean,518.58,2019-11-11T00:23:33.031675,12063,False,1,1,0.0
21323208,75575,A - clean,141.56,2019-11-11T00:56:26.088185,42668,False,1,1,0.0
21323207,5331,A - clean,10.38,2019-11-11T02:38:46.829973,90035,False,1,1,0.0
21323206,23577,A - clean,2571.24,2019-11-11T02:55:16.670021,32186,False,1,1,0.0
21323205,51937,A - clean,1224.28,2019-11-11T10:55:31.627989,69392,False,1,1,0.0
21323204,83832,A - clean,119.9,2019-11-11T12:41:21.541922,58691,False,1,1,0.0
21323203,80777,A - clean,1015.98,2019-11-11T13:10:43.931488,60121,False,1,1,0.0
21323202,42789,A - clean,211.12,2019-11-11T13:18:12.627639,99333,False,1,1,0.0
21323201,98942,A - clean,442.06,2019-11-11T13:28:17.015257,95499,False,1,1,0.0
21323200,20797,A - clean,511.42,2019-11-11T13:59:53.889045,79698,False,1,1,0.0
21323199,88686,A - clean,1098.86,2019-11-11T14:14:23.803761,62052,False,1,1,0.0
21323198,84498,A - clean,3879.5,2019-11-11T14:25:14.755043,50584,False,1,1,0.0
21323197,1703,A - clean,163.67,2019-11-11T14:59:03.715715,26981,False,1,2,0.0
21323196,34556,A - clean,179.56,2019-11-11T15:32:37.328708,14322,False,1,1,0.0
21323194,276,A - clean,1118.56,2019-11-11T15:53:21.076379,91677,False,1,1,0.0
21323193,27038,A - clean,356.81,2019-11-11T15:59:58.430243,3194,False,1,1,0.0
21323191,4904,A - clean,674.18,2019-11-11T16:10:50.945142,67675,False,1,1,0.0
21323188,54335,A - clean,1004.89,2019-11-11T16:26:55.757669,7594,False,1,1,0.0
21323187,97192,A - clean,208.76,2019-11-11T16:34:44.340293,46837,False,1,1,0.0
21323186,37647,A - clean,2526.13,2019-11-11T16:50:34.931484,49014,False,1,1,0.0
21323185,95834,A - clean,487.49,2019-11-11T16:56:31.479019,26306,False,1,1,0.0
21323184,14208,A - clean,1458.29,2019-11-11T17:12:18.725508,22532,False,1,1,0.0
21323183,18833,A - clean,1109.37,2019-11-11T17:12:55.680499,36929,False,1,1,0.0
21323182,2084,A - clean,1581.48,2019-11-11T17:16:07.710307,1931,False,1,1,0.0
21323181,61968,A - clean,387.47,2019-11-11T17:37:58.920417,91013,False,1,2,0.0
21323180,1839,A - clean,387.09,2019-11-11T17:49:10.169740,93881,False,1,1,0.0
21323179,11142,A - clean,366.57,2019-11-11T17:50:08.607486,86760,False,1,1,0.0
21323177,44507,A - clean,3579.82,2019-11-11T18:07:59.900155,49815,False,1,1,0.0
21323176,72410,A - clean,169.12,2019-11-11T18:11:46.744116,4129,False,1,1,0.0
21323175,15997,A - clean,607.48,2019-11-11T18:16:49.245528,50653,False,1,1,0.0
21323173,53380,A - clean,2535.05,2019-11-11T18:29:58.132692,50970,False,1,1,0.0
21323172,34313,A - clean,547.65,2019-11-11T18:41:28.323269,2311,False,1,1,0.0
21323171,55088,A - clean,2566.54,2019-11-11T18:46:04.517806,35895,False,1,1,0.0
21323170,66157,A - clean,295.26,2019-11-11T18:57:34.435723,31960,False,1,2,0.0
21323169,88490,A - clean,226.84,2019-11-11T19:08:50.419051,17712,False,1,1,0.0
21323168,81215,A - clean,340.86,2019-11-11T19:25:55.709969,23396,False,1,1,0.0
21323166,80572,A - clean,363.85,2019-11-11T19:51:26.027484,72355,False,1,1,0.0
21323165,92023,A - clean,365.72,2019-11-11T20:02:08.890990,62875,False,1,1,0.0
21323164,84736,A - clean,293.63,2019-11-11T20:03:03.137141,40238,False,1,1,0.0
21323163,78495,A - clean,80.77,2019-11-11T20:17:52.592575,89412,False,1,1,0.0
21323162,52307,A - clean,454.96,2019-11-11T20:33:14.983671,35437,False,1,1,0.0
21323161,44280,A - clean,151.21,2019-11-11T21:24:34.346913,95558,False,1,2,0.0
21323160,6909,A - clean,317.05,2019-11-11T21:56:23.803944,93881,False,1,1,0.0
21323159,42114,A - clean,370.24,2019-11-11T21:59:47.039167,83283,False,1,1,0.0
21323158,97705,A - clean,349.66,2019-11-11T22:03:35.730426,55972,False,1,1,0.0
21323157,39143,A - clean,747.23,2019-11-11T22:34:48.394257,79698,False,1,1,0.0
21323155,50400,A - clean,1545.16,2019-11-11T23:08:02.189474,22532,False,1,1,0.0
21323151,21440,A - clean,165.65,2019-11-12T00:23:56.687404,3194,False,1,1,0.0
21323150,17407,A - clean,2690.8,2019-11-12T01:08:50.030422,55531,False,1,2,0.0
21323149,17407,A - clean,2726.27,2019-11-12T01:09:51.468180,55531,False,1,2,0.0
21323148,15229,A - clean,95.15,2019-11-12T01:14:25.700327,11973,False,1,1,0.0
21323147,80170,A - clean,95.46,2019-11-12T01:36:46.286088,4129,False,1,1,0.0
21323146,35907,A - clean,282.69,2019-11-12T08:58:52.242079,35610,False,1,2,0.0
21323145,84104,A - clean,1038.23,2019-11-12T11:43:05.490236,67327,False,1,1,0.0
21323144,58852,A - clean,523.21,2019-11-12T12:54:23.477412,27444,False,1,1,0.0
21323143,12200,A - clean,545.77,2019-11-12T12:55:54.063447,2800,False,1,1,0.0
21323142,40571,A - clean,2401.43,2019-11-12T13:13:38.681035,62337,False,1,1,0.0
21323141,11791,A - clean,210.85,2019-11-12T13:47:35.552584,67715,False,1,2,0.0
21323140,95527,A - clean,50.38,2019-11-12T14:56:44.614323,71701,False,1,2,0.0
21323139,35750,A - clean,919.21,2019-11-12T15:57:20.977882,45827,False,1,1,0.0
21323138,7609,A - clean,1487.81,2019-11-12T16:09:32.256522,9828,False,1,1,0.0
21323137,81065,A - clean,203.03,2019-11-12T16:37:50.787524,94454,False,1,1,0.0
21323136,83281,A - clean,413.17,2019-11-12T17:04:20.411591,60121,False,1,1,0.0
21323135,65344,A - clean,1730.85,2019-11-12T17:37:41.718329,15842,False,1,1,0.0
21323134,83777,A - clean,40.24,2019-11-12T18:16:03.533896,29931,False,1,1,0.0
21323133,9335,A - clean,613.89,2019-11-12T18:49:52.909505,49205,False,1,1,0.0
21323132,23420,A - clean,2464.63,2019-11-12T20:11:27.336016,79459,False,1,1,0.0
21323130,60489,A - clean,75.76,2019-11-12T20:24:05.667702,88242,False,1,1,0.0
21323129,50464,A - clean,389.59,2019-11-12T20:41:31.248941,26981,False,1,1,0.0
21323128,89644,A - clean,4068.12,2019-11-12T21:13:16.141584,30555,False,1,1,0.0
21323126,53919,A - clean,3703.27,2019-11-12T23:18:25.672459,217,False,1,1,0.0
21323125,23170,A - clean,977.19,2019-11-13T02:00:20.085511,60121,False,1,1,0.0
21323124,91775,A - clean,1761.66,2019-11-13T11:39:10.632764,33086,False,1,1,0.0
21323123,35846,A - clean,229.98,2019-11-13T13:59:48.502528,31960,False,1,1,0.0
21323121,37681,A - clean,315.34,2019-11-13T16:21:31.201529,17591,False,1,1,0.0
21323120,84730,A - clean,208.55,2019-11-13T18:31:29.684232,26765,False,1,2,0.0
21323117,1831,A - clean,250.41,2019-11-14T11:07:13.772111,39677,False,1,1,0.0
21323116,66522,A - clean,599.02,2019-11-14T11:12:25.082693,90465,False,1,1,0.0
21323115,60997,A - clean,1717.86,2019-11-14T12:25:55.589075,9329,False,1,1,0.0
21323114,52854,A - clean,1925.28,2019-11-14T12:56:50.603531,82613,False,1,2,0.0
21323113,60805,A - clean,371.53,2019-11-14T13:21:52.628291,26765,False,1,1,0.0
21323112,11791,A - clean,267.51,2019-11-14T13:22:07.483176,67715,False,1,2,0.0
21323111,1104,A - clean,73.89,2019-11-14T13:31:47.860100,76725,False,1,1,0.0
21323110,70470,A - clean,1594.46,2019-11-14T13:42:56.218003,603,False,1,1,0.0
21323109,36518,A - clean,366.95,2019-11-14T13:50:30.989629,49205,False,1,1,0.0
21323108,77810,A - clean,100.31,2019-11-14T14:17:58.236501,14322,False,1,1,0.0
21323107,39539,A - clean,249.18,2019-11-14T14:21:19.723136,95499,False,1,1,0.0
21323106,91240,A - clean,279.42,2019-11-14T14:37:08.056440,79698,False,1,1,0.0
21323105,41224,A - clean,2224.39,2019-11-14T15:17:43.771420,76631,False,1,1,0.0
21323104,65956,A - clean,1805.29,2019-11-14T15:23:16.402819,22532,False,1,1,0.0
21323103,84924,A - clean,225.03,2019-11-14T15:25:10.617410,79698,False,1,1,0.0
21323102,91702,A - clean,2016.45,2019-11-14T15:34:58.431713,15333,False,1,1,0.0
21323101,88189,A - clean,485.29,2019-11-14T15:42:13.165406,14646,False,1,1,0.0
21323100,26106,A - clean,261.46,2019-11-14T15:42:43.987116,26981,False,1,2,0.0
21323099,66641,A - clean,701.15,2019-11-14T16:08:53.406096,16266,False,1,1,0.0
21323098,31883,A - clean,884.96,2019-11-14T16:16:36.609248,89161,False,1,1,0.0
21323097,27901,A - clean,681.76,2019-11-14T17:37:51.710360,62052,False,1,1,0.0
21323096,61413,A - clean,282.2,2019-11-14T17:50:54.975529,65655,False,1,1,0.0
21323095,3454,A - clean,199.88,2019-11-14T17:53:53.720534,26981,False,1,1,0.0
21323094,88556,A - clean,1827.04,2019-11-14T18:03:28.331853,38327,False,1,1,0.0
21323093,2243,A - clean,645.04,2019-11-14T18:07:56.563196,83433,False,1,1,0.0
21323092,54632,A - clean,217.73,2019-11-14T18:42:08.211690,79698,False,1,1,0.0
21323091,61784,A - clean,47.11,2019-11-14T18:42:17.810357,1356,False,1,1,0.0
21323090,42309,A - clean,2650.56,2019-11-14T18:56:01.892917,50970,False,1,1,0.0
21323089,34569,A - clean,240.73,2019-11-14T19:30:54.812209,44397,False,1,1,0.0
21323088,69583,A - clean,153.65,2019-11-14T19:32:11.924972,49205,False,1,1,0.0
21323087,18591,A - clean,524.03,2019-11-14T20:00:29.403108,6112,False,1,1,0.0
21323086,35318,A - clean,625.05,2019-11-14T20:17:04.419782,43275,False,1,1,0.0
21323085,42426,A - clean,2053.93,2019-11-14T20:33:53.474926,36929,False,1,1,0.0
21323084,11005,A - clean,1669.81,2019-11-14T20:35:14.085783,14578,False,1,1,0.0
21323083,62985,A - clean,315.52,2019-11-14T20:37:19.773408,12476,False,1,1,0.0
21323082,42433,A - clean,2327.04,2019-11-14T20:42:41.704044,10707,False,1,1,0.0
21323081,52854,A - clean,85.59,2019-11-14T20:58:53.882570,82613,False,1,2,0.0
21323080,71812,A - clean,154.91,2019-11-14T21:01:36.665974,54433,False,1,1,0.0
21323079,64943,A - clean,732.5,2019-11-14T21:15:31.468904,89078,False,1,1,0.0
21323078,54395,A - clean,1293.77,2019-11-14T21:20:08.374446,76038,False,1,1,0.0
21323077,2889,A - clean,669.82,2019-11-14T21:32:29.982640,33192,False,1,1,0.0
21323076,92236,A - clean,1242.38,2019-11-14T21:32:52.026621,19376,False,1,1,0.0
21323075,76545,A - clean,2757.53,2019-11-14T21:40:59.325293,50970,False,1,1,0.0
21323074,64469,A - clean,775.12,2019-11-14T21:54:17.955883,15506,False,1,1,0.0
21323073,30189,A - clean,654.52,2019-11-14T22:44:46.940234,75378,False,1,1,0.0
21323072,1391,A - clean,457.33,2019-11-14T22:54:54.744253,90035,False,1,1,0.0
21323071,36549,A - clean,158.66,2019-11-14T23:10:04.819024,4129,False,1,1,0.0
21323069,35993,A - clean,184.46,2019-11-15T00:14:55.896335,98749,False,1,1,0.0
21323068,8836,A - clean,1268.32,2019-11-15T00:34:13.199881,26086,False,1,1,0.0
21323067,8846,A - clean,224.34,2019-11-15T00:45:28.363508,79698,False,1,1,0.0
21323066,94908,A - clean,367.1,2019-11-15T04:10:58.319693,79698,False,1,1,0.0
21323065,92060,A - clean,709.43,2019-11-15T10:50:23.249666,58749,False,1,1,0.0
21323064,48340,A - clean,3488.97,2019-11-15T12:22:59.481570,47605,False,1,1,0.0
21323063,7209,A - clean,2705.3,2019-11-15T13:53:48.673700,20376,False,1,1,0.0
21323062,79013,A - clean,80.5,2019-11-15T14:07:58.705853,36411,False,1,1,0.0
21323061,16746,A - clean,910.94,2019-11-15T14:44:26.517577,72355,False,1,1,0.0
21323060,46219,A - clean,350.39,2019-11-15T14:53:56.126782,6112,False,1,1,0.0
21323059,74582,A - clean,192.81,2019-11-15T15:37:34.657375,4039,False,1,1,0.0
21323057,88008,A - clean,85.34,2019-11-15T15:49:03.967008,12476,False,1,1,0.0
21323056,89771,A - clean,65.42,2019-11-15T16:25:10.540407,4129,False,1,1,0.0
21323055,66310,A - clean,924.93,2019-11-15T16:58:41.674976,49919,False,1,1,0.0
21323054,27950,A - clean,628.3,2019-11-15T17:15:40.226016,63526,False,1,1,0.0
21323053,25438,A - clean,1363.34,2019-11-15T17:43:52.182013,38710,False,1,1,0.0
21323052,93422,A - clean,498.76,2019-11-15T18:19:48.669371,5576,False,1,1,0.0
21323047,75134,A - clean,320.8,2019-11-15T19:02:13.493991,81780,False,1,1,0.0
21323046,63782,A - clean,249.07,2019-11-15T19:19:07.926080,4039,False,1,1,0.0
21323045,31780,A - clean,339.8,2019-11-15T19:22:43.802651,30264,False,1,1,0.0
21323044,16298,A - clean,287.39,2019-11-15T19:53:10.320276,12476,False,1,1,0.0
21323042,77129,A - clean,303.85,2019-11-15T20:06:12.115480,48376,False,1,1,0.0
21323041,87990,A - clean,587.55,2019-11-15T20:26:34.253302,11863,False,1,1,0.0
21323040,47822,A - clean,3495.33,2019-11-15T20:47:14.531703,19378,False,1,1,0.0
21323039,32250,A - clean,65.54,2019-11-15T20:58:29.076426,5859,False,1,1,0.0
21323038,80273,A - clean,134.15,2019-11-15T21:17:57.943045,52378,False,1,1,0.0
21323037,15312,A - clean,2078.33,2019-11-15T21:34:05.371668,68998,False,1,1,0.0
21323036,16383,A - clean,40.23,2019-11-15T21:42:20.801556,34246,False,1,1,0.0
21323035,23243,A - clean,482.55,2019-11-15T21:48:48.542394,98259,False,1,1,0.0
21323034,73956,A - clean,185.52,2019-11-15T22:39:10.870575,48752,False,1,1,0.0
21323033,12064,A - clean,914.24,2019-11-15T22:43:28.796264,88162,False,1,1,0.0
21323031,42540,A - clean,189.02,2019-11-15T23:39:54.047459,26981,False,1,1,0.0
21323030,16756,A - clean,493.0,2019-11-15T23:43:40.631299,70454,False,1,1,0.0
21323029,69379,A - clean,684.57,2019-11-16T00:05:57.989260,91013,False,1,1,0.0
21323028,88617,A - clean,1876.3,2019-11-16T00:07:16.635388,89888,False,1,1,0.0
21323027,4379,A - clean,325.9,2019-11-16T00:25:46.168862,66605,False,1,1,0.0
21323026,24338,A - clean,2376.62,2019-11-16T00:40:31.048885,13720,False,1,1,0.0
21323025,3807,A - clean,3286.55,2019-11-16T00:55:41.998316,15030,False,1,1,0.0
21323024,9169,A - clean,42.57,2019-11-16T01:06:21.720295,52571,False,1,1,0.0
21323021,36292,A - clean,1194.03,2019-11-16T01:52:15.488497,40376,False,1,1,0.0
21323020,94343,A - clean,1333.46,2019-11-16T01:58:43.633880,67302,False,1,1,0.0
21323019,96186,A - clean,264.44,2019-11-16T02:31:44.790468,58892,False,1,1,0.0
21323018,81510,A - clean,90.09,2019-11-16T02:39:32.063486,92441,False,1,1,0.0
21323017,89736,A - clean,244.36,2019-11-16T03:14:48.504614,57737,False,1,1,0.0
21323016,35315,A - clean,438.83,2019-11-16T11:11:41.674996,89161,False,1,1,0.0
21323014,30948,A - clean,10.27,2019-11-16T12:41:43.828942,83613,False,1,1,0.0
21323013,98407,A - clean,845.73,2019-11-16T13:08:02.269129,76725,False,1,1,0.0
21323011,92887,A - clean,238.79,2019-11-16T13:28:00.329626,95110,False,1,1,0.0
21323010,38320,A - clean,632.88,2019-11-16T13:31:18.302595,38109,False,1,1,0.0
21323009,84832,A - clean,68.27,2019-11-16T13:32:37.685551,76725,False,1,1,0.0
21323008,43595,A - clean,534.06,2019-11-16T14:54:36.489085,35743,False,1,1,0.0
21323007,13537,A - clean,202.54,2019-11-16T15:05:00.445867,52378,False,1,1,0.0
21323006,69916,A - clean,420.18,2019-11-16T15:49:40.551221,13148,False,1,1,0.0
21323005,67315,A - clean,168.93,2019-11-16T16:42:51.762027,99653,False,1,1,0.0
21323004,95500,A - clean,423.78,2019-11-16T16:51:10.859983,9842,False,1,1,0.0
21323003,77903,A - clean,918.29,2019-11-16T17:02:55.094856,39705,False,1,1,0.0
21323002,66618,A - clean,2212.34,2019-11-16T17:04:11.708480,93711,False,1,1,0.0
21323001,37373,A - clean,2633.3,2019-11-16T17:11:24.329312,39385,False,1,2,0.0
21323000,72413,A - clean,3082.8,2019-11-16T17:28:47.038397,1931,False,1,1,0.0
21322999,49653,A - clean,588.93,2019-11-16T17:41:14.605407,45827,False,1,1,0.0
21322998,22788,A - clean,2009.24,2019-11-16T18:09:19.410771,47605,False,1,1,0.0
21322997,88279,A - clean,183.72,2019-11-16T18:23:58.462895,58892,False,1,1,0.0
21322996,55236,A - clean,803.46,2019-11-16T18:32:35.175366,55315,False,1,1,0.0
21322995,46814,A - clean,282.36,2019-11-16T19:12:13.074748,22995,False,1,1,0.0
21322994,67876,A - clean,321.86,2019-11-16T19:20:04.497203,76725,False,1,1,0.0
21322993,11462,A - clean,1350.1,2019-11-16T19:24:34.536300,53732,False,1,1,0.0
21322992,75460,A - clean,64.99,2019-11-16T19:35:56.172962,9842,False,1,1,0.0
21322991,29540,A - clean,2595.87,2019-11-16T19:46:19.748341,20194,False,1,1,0.0
21322990,81875,A - clean,2771.21,2019-11-16T20:12:51.751522,93711,False,1,1,0.0
21322989,18411,A - clean,75.62,2019-11-16T20:23:44.101788,56710,False,1,1,0.0
21322988,30014,A - clean,393.68,2019-11-16T20:37:38.233299,45959,False,1,1,0.0
21322987,38392,A - clean,1082.82,2019-11-16T20:38:11.185660,66332,False,1,1,0.0
21322985,5285,A - clean,288.51,2019-11-16T21:00:58.201641,76725,False,1,1,0.0
21322984,32196,A - clean,80.21,2019-11-16T21:30:28.572290,57737,False,1,1,0.0
21322983,63773,A - clean,1602.98,2019-11-16T22:07:54.289821,36929,False,1,1,0.0
21322982,14580,A - clean,80.77,2019-11-16T22:25:42.488683,92441,False,1,1,0.0
21322981,13921,A - clean,157.58,2019-11-16T22:37:33.291625,92441,False,1,1,0.0
21322980,94092,A - clean,232.98,2019-11-16T22:46:20.223136,44459,False,1,1,0.0
21322979,26257,A - clean,1760.34,2019-11-16T23:12:32.501568,61669,False,1,1,0.0
21322978,10431,A - clean,579.84,2019-11-16T23:43:33.315097,49205,False,1,1,0.0
21322977,58586,A - clean,429.43,2019-11-16T23:45:13.126599,87559,False,1,1,0.0
21322976,29728,A - clean,424.49,2019-11-16T23:49:21.615022,49205,False,1,1,0.0
21322975,23201,A - clean,184.07,2019-11-16T23:51:33.678652,56239,False,1,2,0.0
21322974,1733,A - clean,142.48,2019-11-17T00:37:44.959331,96553,False,1,1,0.0
21322973,51894,A - clean,258.03,2019-11-17T00:44:34.221116,29931,False,1,1,0.0
21322972,10405,A - clean,261.93,2019-11-17T01:05:41.375091,44459,False,1,2,0.0
21322971,10405,A - clean,258.46,2019-11-17T01:06:14.821040,44459,False,1,2,0.0
21322970,27277,A - clean,390.68,2019-11-17T01:08:51.012776,49205,False,1,1,0.0
21322969,48060,A - clean,1062.91,2019-11-17T01:14:34.721295,38648,False,1,1,0.0
21322968,93321,A - clean,549.53,2019-11-17T01:54:03.471622,49205,False,1,1,0.0
21322967,85251,A - clean,811.5,2019-11-17T02:34:27.430893,36830,False,1,1,0.0
21322966,61886,A - clean,249.14,2019-11-17T02:48:34.363570,79275,False,1,1,0.0
21322964,58590,A - clean,2278.2,2019-11-17T11:14:19.042982,49205,False,1,1,0.0
21322963,27916,A - clean,6.3,2019-11-17T11:16:42.252558,32186,False,1,1,0.0
21322962,38436,A - clean,1129.3,2019-11-17T11:18:59.475236,93881,False,1,1,0.0
21322961,56083,A - clean,659.54,2019-11-17T11:19:43.352794,49205,False,1,1,0.0
21322960,91774,A - clean,453.29,2019-11-17T12:09:17.533197,49205,False,1,1,0.0
21322959,22882,A - clean,566.67,2019-11-17T12:10:55.454882,95750,False,1,1,0.0
21322958,13727,A - clean,212.33,2019-11-17T12:15:32.470562,58892,False,1,1,0.0
21322957,87091,A - clean,413.37,2019-11-17T12:16:47.561513,45289,False,1,1,0.0
21322956,47336,A - clean,80.63,2019-11-17T12:27:30.743461,57737,False,1,1,0.0
21322955,19392,A - clean,99.31,2019-11-17T13:09:16.227551,26765,False,1,1,0.0
21322954,45967,A - clean,162.31,2019-11-17T13:16:56.444445,49205,False,1,1,0.0
21322953,79751,A - clean,638.97,2019-11-17T13:18:04.448617,36411,False,1,1,0.0
21322952,98671,A - clean,326.0,2019-11-17T13:41:55.377348,48376,False,1,1,0.0
21322951,74510,A - clean,212.89,2019-11-17T13:55:38.305913,59324,False,1,1,0.0
21322950,45831,A - clean,192.36,2019-11-17T13:57:07.707527,48752,False,1,1,0.0
21322949,19418,A - clean,1291.09,2019-11-17T13:59:30.619345,88962,False,1,1,0.0
21322947,62623,A - clean,151.62,2019-11-17T14:19:47.856519,24094,False,1,1,0.0
21322946,49996,A - clean,132.7,2019-11-17T14:32:20.339648,97278,False,1,1,0.0
21322945,332,A - clean,1418.06,2019-11-17T14:49:03.984182,98233,False,1,1,0.0
21322944,56432,A - clean,94.28,2019-11-17T15:00:09.963709,58892,False,1,1,0.0
21322943,11924,A - clean,156.12,2019-11-17T15:00:24.712732,43575,False,1,1,0.0
21322942,31037,A - clean,684.36,2019-11-17T15:07:01.295517,32268,False,1,1,0.0
21322941,77004,A - clean,624.5,2019-11-17T15:12:30.982806,49205,False,1,1,0.0
21322940,36202,A - clean,1584.04,2019-11-17T15:15:11.536191,18874,False,1,1,0.0
21322939,58343,A - clean,157.21,2019-11-17T15:17:00.260331,59324,False,1,2,0.0
21322938,3251,A - clean,159.47,2019-11-17T15:20:13.483333,4129,False,1,1,0.0
21322937,68575,A - clean,2522.69,2019-11-17T15:20:34.840862,12063,False,1,1,0.0
21322936,54596,A - clean,597.48,2019-11-17T15:25:06.602998,49205,False,1,1,0.0
21322935,79333,A - clean,1284.13,2019-11-17T15:29:31.848619,59348,False,1,1,0.0
21322934,20913,A - clean,104.81,2019-11-17T15:39:27.068660,96553,False,1,1,0.0
21322933,33958,A - clean,252.98,2019-11-17T16:13:31.090048,56710,False,1,1,0.0
21322932,47307,A - clean,1243.32,2019-11-17T16:15:22.300300,26765,False,1,1,0.0
21322931,60881,A - clean,50.2,2019-11-17T16:18:23.574817,47801,False,1,1,0.0
21322930,22600,A - clean,1595.56,2019-11-17T16:46:25.547913,73915,False,1,1,0.0
21322929,54005,A - clean,2041.85,2019-11-17T16:54:06.678854,3115,False,1,1,0.0
21322928,43244,A - clean,2403.84,2019-11-17T17:08:43.484424,91972,False,1,1,0.0
21322927,96933,A - clean,139.49,2019-11-17T17:15:00.774059,49205,False,1,1,0.0
21322926,19430,A - clean,204.09,2019-11-17T17:17:42.692244,828,False,1,1,0.0
21322925,58343,A - clean,188.61,2019-11-17T17:20:00.678737,59324,False,1,2,0.0
21322924,40738,A - clean,3074.36,2019-11-17T17:42:57.393893,70943,False,1,1,0.0
21322922,40151,A - clean,530.09,2019-11-17T17:49:31.431411,76725,False,1,1,0.0
21322921,27715,A - clean,205.56,2019-11-17T18:00:57.277874,61857,False,1,1,0.0
21322920,19058,A - clean,550.45,2019-11-17T18:03:33.754602,90035,False,1,1,0.0
21322919,38545,A - clean,175.62,2019-11-17T18:04:52.153212,49205,False,1,1,0.0
21322917,13762,A - clean,279.3,2019-11-17T18:40:58.192090,89161,False,1,1,0.0
21322916,94385,A - clean,407.07,2019-11-17T18:46:47.737381,79698,False,1,1,0.0
21322915,95161,A - clean,10.3,2019-11-17T18:54:17.382866,91960,False,1,1,0.0
21322913,17679,A - clean,1314.26,2019-11-17T18:56:18.989765,8487,False,1,1,0.0
21322912,75679,A - clean,176.84,2019-11-17T19:00:24.292940,52496,False,1,1,0.0
21322911,21988,A - clean,284.0,2019-11-17T19:17:59.288098,59777,False,1,1,0.0
21322910,11320,A - clean,299.74,2019-11-17T19:31:08.927459,52378,False,1,1,0.0
21322909,43752,A - clean,263.44,2019-11-17T19:34:27.917280,49205,False,1,1,0.0
21322908,1011,A - clean,284.78,2019-11-17T19:40:14.266032,49205,False,1,1,0.0
21322907,2431,A - clean,367.38,2019-11-17T19:49:41.463944,49205,False,1,1,0.0
21322906,1552,A - clean,10.13,2019-11-17T19:55:11.967976,55853,False,1,1,0.0
21322905,19158,A - clean,174.37,2019-11-17T20:01:36.630172,49205,False,1,1,0.0
21322904,2195,A - clean,554.41,2019-11-17T20:13:52.995054,49205,False,1,1,0.0
21322903,11338,A - clean,752.41,2019-11-17T20:20:07.451829,43938,False,1,1,0.0
21322902,63685,A - clean,870.05,2019-11-17T20:50:32.606258,87559,False,1,2,0.0
21322901,34204,A - clean,297.04,2019-11-17T20:59:44.480331,49205,False,1,1,0.0
21322900,24341,A - clean,451.79,2019-11-17T21:16:07.470919,54572,False,1,1,0.0
21322899,71295,A - clean,1226.2,2019-11-17T21:38:05.490535,89207,False,1,1,0.0
21322898,16938,A - clean,262.47,2019-11-17T21:56:00.779095,49205,False,1,1,0.0
21322897,4600,A - clean,193.72,2019-11-17T22:09:09.967504,85250,False,1,1,0.0
21322895,6588,A - clean,60.8,2019-11-17T22:25:37.663883,88242,False,1,1,0.0
21322894,28742,A - clean,155.51,2019-11-17T22:25:43.986590,67049,False,1,1,0.0
21322893,18824,A - clean,44.65,2019-11-17T22:43:38.950188,12476,False,1,1,0.0
21322892,36109,A - clean,661.77,2019-11-17T22:58:11.830359,22605,False,1,1,0.0
21322891,3421,A - clean,315.74,2019-11-17T23:04:47.789170,17264,False,1,1,0.0
21322890,96847,A - clean,604.16,2019-11-17T23:13:44.428575,31154,False,1,1,0.0
21322889,52725,A - clean,222.19,2019-11-17T23:16:33.631740,49205,False,1,1,0.0
21322888,69144,A - clean,243.4,2019-11-17T23:26:34.283588,49205,False,1,1,0.0
21322887,25653,A - clean,4042.76,2019-11-17T23:52:16.298128,21034,False,1,1,0.0
21322886,35083,A - clean,1054.59,2019-11-18T01:04:25.298127,33256,False,1,2,0.0
21322885,84894,A - clean,260.68,2019-11-18T01:06:52.580101,52666,False,1,1,0.0
21322883,40781,A - clean,3099.36,2019-11-18T02:55:32.822782,97900,False,1,1,0.0
21322882,72516,A - clean,436.4,2019-11-18T11:08:04.015838,8203,False,1,1,0.0
21322880,75452,A - clean,712.49,2019-11-18T11:36:27.708198,79698,False,1,1,0.0
21322879,981,A - clean,774.47,2019-11-18T12:28:41.768917,98233,False,1,1,0.0
21322877,65183,A - clean,2400.97,2019-11-18T12:43:49.058090,56242,False,1,1,0.0
21322876,8029,A - clean,1826.42,2019-11-18T12:50:57.971755,81736,False,1,1,0.0
21322875,38730,A - clean,418.23,2019-11-18T12:53:08.676241,33192,False,1,1,0.0
21322874,97188,A - clean,275.35,2019-11-18T12:55:10.001995,81160,False,1,1,0.0
21322873,16900,A - clean,3201.6,2019-11-18T12:55:37.263172,21549,False,1,1,0.0
21322872,93882,A - clean,3067.61,2019-11-18T13:00:55.103440,70943,False,1,1,0.0
21322871,73415,A - clean,635.01,2019-11-18T13:08:22.854025,62891,False,1,1,0.0
21322870,31796,A - clean,508.94,2019-11-18T13:09:00.200577,8754,False,1,1,0.0
21322869,95421,A - clean,323.88,2019-11-18T13:09:20.148106,44825,False,1,1,0.0
21322868,49587,A - clean,10.19,2019-11-18T13:16:13.614773,42250,False,1,1,0.0
21322867,78363,A - clean,455.11,2019-11-18T13:27:18.771201,87559,False,1,1,0.0
21322866,22834,A - clean,598.05,2019-11-18T13:28:32.343739,8246,False,1,1,0.0
21322865,9960,A - clean,10.92,2019-11-18T13:29:34.997869,43652,False,1,1,0.0
21322864,95527,A - clean,481.33,2019-11-18T13:38:07.150940,71701,False,1,2,0.0
21322863,99851,A - clean,317.22,2019-11-18T13:55:48.689103,49205,False,1,1,0.0
21322862,46724,A - clean,199.05,2019-11-18T14:08:54.521300,48752,False,1,1,0.0
21322860,68495,A - clean,379.04,2019-11-18T14:24:26.164468,828,False,1,1,0.0
21322859,74563,A - clean,247.41,2019-11-18T14:29:46.574051,13410,False,1,2,0.0
21322858,28771,A - clean,1295.76,2019-11-18T14:35:01.852966,62052,False,1,1,0.0
21322857,73822,A - clean,219.54,2019-11-18T14:36:15.090669,17666,False,1,1,0.0
21322856,33129,A - clean,443.15,2019-11-18T14:37:41.222995,97925,False,1,1,0.0
21322854,85112,A - clean,248.98,2019-11-18T14:40:59.900580,49205,False,1,1,0.0
21322853,91607,A - clean,2355.82,2019-11-18T14:45:22.429626,16532,False,1,1,0.0
21322852,88791,A - clean,1188.9,2019-11-18T14:48:27.483663,97900,False,1,1,0.0
21322851,28434,A - clean,177.74,2019-11-18T14:49:46.242713,49205,False,1,1,0.0
21322850,53818,A - clean,228.38,2019-11-18T14:49:59.262391,49205,False,1,1,0.0
21322849,61090,A - clean,10.85,2019-11-18T15:03:43.298417,9423,False,1,1,0.0
21322848,45556,A - clean,378.41,2019-11-18T15:05:25.916110,47183,False,1,1,0.0
21322847,49625,A - clean,292.2,2019-11-18T15:08:41.408992,49205,False,1,1,0.0
21322845,33898,A - clean,270.15,2019-11-18T15:20:40.443827,49205,False,1,1,0.0
21322844,13108,A - clean,873.21,2019-11-18T15:26:30.715933,87934,False,1,1,0.0
21322842,75896,A - clean,5.37,2019-11-18T15:29:38.794282,88284,False,1,1,0.0
21322841,52476,A - clean,38.54,2019-11-18T15:58:27.356767,44242,False,1,1,0.0
21322840,15076,A - clean,1244.0,2019-11-18T16:02:11.795661,10707,False,1,1,0.0
21322838,25045,A - clean,88.09,2019-11-18T16:04:44.699683,59324,False,1,1,0.0
21322837,66165,A - clean,157.78,2019-11-18T16:15:35.011869,16,False,1,1,0.0
21322836,6920,A - clean,780.29,2019-11-18T16:20:13.234989,49205,False,1,1,0.0
21322835,419,A - clean,193.21,2019-11-18T16:24:20.109075,49205,False,1,1,0.0
21322834,80450,A - clean,239.5,2019-11-18T16:25:30.944926,11265,False,1,1,0.0
21322833,41734,A - clean,1339.37,2019-11-18T16:27:38.917187,54009,False,1,1,0.0
21322832,42923,A - clean,693.86,2019-11-18T16:28:53.350883,11580,False,1,1,0.0
21322830,15398,A - clean,10.11,2019-11-18T16:48:22.281838,68350,False,1,1,0.0
21322829,58029,A - clean,352.73,2019-11-18T16:48:27.632973,86378,False,1,1,0.0
21322828,43730,A - clean,166.62,2019-11-18T16:50:14.448892,39528,False,1,2,0.0
21322827,40549,A - clean,4004.99,2019-11-18T16:52:56.458799,17304,False,1,1,0.0
21322826,3826,A - clean,10.71,2019-11-18T16:53:28.791106,13827,False,1,1,0.0
21322825,41361,A - clean,548.14,2019-11-18T16:55:26.316932,52212,False,1,1,0.0
21322824,98430,A - clean,510.38,2019-11-18T16:59:19.058060,94348,False,1,1,0.0
21322823,49522,A - clean,272.05,2019-11-18T17:01:27.841715,8549,False,1,1,0.0
21322822,37373,A - clean,1551.68,2019-11-18T17:12:14.582129,39385,False,1,2,0.0
21322821,38520,A - clean,249.97,2019-11-18T17:13:03.290746,72565,False,1,1,0.0
21322820,76291,A - clean,845.43,2019-11-18T17:13:37.402950,86444,False,1,1,0.0
21322819,93628,A - clean,2184.45,2019-11-18T17:15:48.741374,73933,False,1,1,0.0
21322817,8232,A - clean,370.2,2019-11-18T17:31:57.311083,44287,False,1,1,0.0
21322816,42993,A - clean,2902.39,2019-11-18T17:35:53.726011,16793,False,1,1,0.0
21322815,19952,A - clean,590.77,2019-11-18T17:41:04.991450,11973,False,1,1,0.0
21322814,52119,A - clean,1670.99,2019-11-18T17:44:54.978735,39705,False,1,1,0.0
21322813,63155,A - clean,10.31,2019-11-18T17:49:36.004634,22533,False,1,1,0.0
21322812,31379,A - clean,121.86,2019-11-18T17:51:46.569134,44464,False,1,1,0.0
21322811,88760,A - clean,198.11,2019-11-18T17:53:14.743612,49205,False,1,1,0.0
21322810,23336,A - clean,45.64,2019-11-18T18:00:39.741746,4148,False,1,1,0.0
21322809,35658,A - clean,611.62,2019-11-18T18:01:25.437751,22533,False,1,1,0.0
21322808,66309,A - clean,1278.93,2019-11-18T18:03:00.893913,85939,False,1,1,0.0
21322807,25574,A - clean,1864.43,2019-11-18T18:12:06.659156,40469,False,1,1,0.0
21322806,82530,A - clean,1133.24,2019-11-18T18:12:23.766541,8695,False,1,1,0.0
21322805,57935,A - clean,235.03,2019-11-18T18:14:59.178890,49205,False,1,1,0.0
21322804,15606,A - clean,990.06,2019-11-18T18:16:19.238402,62889,False,1,1,0.0
21322803,93171,A - clean,178.8,2019-11-18T18:17:18.451757,49205,False,1,1,0.0
21322802,61968,A - clean,495.19,2019-11-18T18:17:43.297788,91013,False,1,2,0.0
21322801,59161,A - clean,149.38,2019-11-18T18:18:28.994654,29931,False,1,1,0.0
21322800,65954,A - clean,816.46,2019-11-18T18:19:18.047176,34464,False,1,1,0.0
21322799,68208,A - clean,341.67,2019-11-18T18:21:10.355895,79530,False,1,1,0.0
21322797,6896,A - clean,116.99,2019-11-18T18:35:19.620646,33044,False,1,1,0.0
21322796,24871,A - clean,259.9,2019-11-18T18:36:35.494980,6048,False,1,1,0.0
21322794,19675,A - clean,999.34,2019-11-18T18:56:50.531213,47344,False,1,1,0.0
21322793,77051,A - clean,81.02,2019-11-18T18:58:11.585079,96675,False,1,1,0.0
21322792,95793,A - clean,310.17,2019-11-18T19:07:24.974645,11043,False,1,1,0.0
21322790,82445,A - clean,639.48,2019-11-18T19:20:43.461660,94026,False,1,1,0.0
21322789,90240,A - clean,534.79,2019-11-18T19:23:30.204018,49205,False,1,1,0.0
21322788,52806,A - clean,60.52,2019-11-18T19:27:09.620916,12557,False,1,1,0.0
21322785,2427,A - clean,237.87,2019-11-18T20:18:30.517411,46837,False,1,1,0.0
21322784,98565,A - clean,323.42,2019-11-18T20:24:02.253041,79530,False,1,1,0.0
21322783,72278,A - clean,1216.8,2019-11-18T20:27:31.866836,73853,False,1,1,0.0
21322782,72170,A - clean,275.92,2019-11-18T20:33:45.578552,76864,False,1,1,0.0
21322781,64485,A - clean,840.65,2019-11-18T20:37:42.817080,44093,False,1,1,0.0
21322780,17973,A - clean,539.9,2019-11-18T20:48:36.521602,44079,False,1,1,0.0
21322779,95349,A - clean,2089.19,2019-11-18T20:52:26.478132,23744,False,1,1,0.0
21322778,3344,A - clean,637.65,2019-11-18T20:55:09.629002,77991,False,1,1,0.0
21322777,30295,A - clean,207.09,2019-11-18T20:58:51.647027,68912,False,1,1,0.0
21322776,20839,A - clean,769.38,2019-11-18T21:04:42.532616,35930,False,1,1,0.0
21322775,77409,A - clean,410.23,2019-11-18T21:26:27.640751,10292,False,1,1,0.0
21322774,86078,A - clean,1802.73,2019-11-18T21:37:26.730758,86123,False,1,1,0.0
21322773,93438,A - clean,47.07,2019-11-18T21:38:40.749168,12125,False,1,1,0.0
21322772,44518,A - clean,236.6,2019-11-18T21:44:15.383269,42191,False,1,1,0.0
21322771,58011,A - clean,2030.52,2019-11-18T21:46:47.839761,29728,False,1,2,0.0
21322770,58011,A - clean,1958.62,2019-11-18T21:48:31.704996,29728,False,1,2,0.0
21322769,71216,A - clean,478.92,2019-11-18T21:51:02.894540,93916,False,1,1,0.0
21322768,38628,A - clean,367.1,2019-11-18T21:54:30.881639,70989,False,1,1,0.0
21322767,18061,A - clean,286.97,2019-11-18T21:56:22.498812,73915,False,1,1,0.0
21322765,22260,A - clean,80.24,2019-11-18T21:57:48.015260,13077,False,1,1,0.0
21322763,74540,A - clean,449.17,2019-11-18T23:04:50.979879,49205,False,1,1,0.0
21322762,21010,A - clean,249.36,2019-11-18T23:34:58.808237,49205,False,1,1,0.0
21322761,59188,A - clean,160.78,2019-11-18T23:37:00.668055,81736,False,1,1,0.0
21322760,52403,A - clean,155.04,2019-11-18T23:43:44.672786,45959,False,1,1,0.0
21322759,16465,A - clean,87.44,2019-11-18T23:57:44.160313,58552,False,1,1,0.0
21322758,62572,A - clean,201.3,2019-11-19T00:06:26.670808,67952,False,1,1,0.0
21322757,54118,A - clean,343.42,2019-11-19T00:53:35.983721,7594,False,1,1,0.0
21322756,38593,A - clean,99.78,2019-11-19T01:29:03.993055,58552,False,1,1,0.0
21322755,3838,A - clean,315.43,2019-11-19T01:34:34.200061,72386,False,1,1,0.0
21322754,76708,A - clean,1124.7,2019-11-19T01:36:59.668488,40469,False,1,2,0.0
21322753,76708,A - clean,710.11,2019-11-19T01:37:42.858862,40469,False,1,2,0.0
21322752,2937,A - clean,15.55,2019-11-19T01:48:41.626457,20912,False,1,1,0.0
21322751,27690,A - clean,252.72,2019-11-19T01:58:06.594735,49205,False,1,1,0.0
21322750,95807,A - clean,391.02,2019-11-19T01:59:05.826782,17264,False,1,1,0.0
21322749,58500,A - clean,232.73,2019-11-19T02:24:30.233912,22533,False,1,1,0.0
21322748,25562,A - clean,10.09,2019-11-19T03:09:23.620971,43432,False,1,1,0.0
21322747,93388,A - clean,193.16,2019-11-19T03:47:08.304146,22712,False,1,1,0.0
21322746,97691,A - clean,1392.88,2019-11-19T08:26:51.443485,38221,False,1,1,0.0
21322745,56512,A - clean,80.74,2019-11-19T10:38:44.611378,1356,False,1,1,0.0
21322744,85530,A - clean,5.63,2019-11-19T10:53:30.381577,66500,False,1,1,0.0
21322742,45315,A - clean,443.75,2019-11-19T12:07:59.057249,95110,False,1,1,0.0
21322741,33800,A - clean,195.4,2019-11-19T12:27:24.541232,84910,False,1,1,0.0
21322740,66962,A - clean,132.7,2019-11-19T12:39:08.026519,53270,False,1,1,0.0
21322739,83949,A - clean,1051.25,2019-11-19T12:57:22.548619,28673,False,1,1,0.0
21322738,98146,A - clean,100.59,2019-11-19T13:09:58.472108,88500,False,1,1,0.0
21322737,26106,A - clean,254.91,2019-11-19T13:15:52.238522,26981,False,1,2,0.0
21322736,3684,A - clean,179.08,2019-11-19T13:28:01.874842,39971,False,1,1,0.0
21322735,42965,A - clean,52.24,2019-11-19T13:58:35.583504,91461,False,1,1,0.0
21322734,11663,A - clean,329.95,2019-11-19T13:58:56.870294,15114,False,1,1,0.0
21322733,89944,A - clean,222.89,2019-11-19T14:09:55.540649,22385,False,1,1,0.0
21322732,21395,A - clean,902.51,2019-11-19T14:10:52.963689,70031,False,1,1,0.0
21322731,29312,A - clean,1763.42,2019-11-19T14:23:14.241218,25632,False,1,1,0.0
21322730,17658,A - clean,698.03,2019-11-19T14:32:52.042553,84468,False,1,1,0.0
21322729,9579,A - clean,753.01,2019-11-19T14:38:18.135030,39791,False,1,1,0.0
21322728,29284,A - clean,1686.19,2019-11-19T14:44:31.560441,91972,False,1,1,0.0
21322727,34771,A - clean,116.77,2019-11-19T14:56:12.529399,38410,False,1,1,0.0
21322726,58890,A - clean,342.74,2019-11-19T15:04:40.334265,41438,False,1,1,0.0
21322725,92490,A - clean,213.51,2019-11-19T15:23:04.571897,97285,False,1,1,0.0
21322724,82335,A - clean,150.42,2019-11-19T15:30:12.520400,38388,False,1,1,0.0
21322723,47079,A - clean,420.73,2019-11-19T15:32:59.058096,79502,False,1,1,0.0
21322720,29804,A - clean,74.63,2019-11-19T15:53:51.257623,46129,False,1,1,0.0
21322719,6422,A - clean,178.21,2019-11-19T16:14:51.245772,13410,False,1,1,0.0
21322717,85187,A - clean,243.75,2019-11-19T16:27:37.856399,62719,False,1,1,0.0
21322716,13006,A - clean,585.05,2019-11-19T16:28:26.161927,76291,False,1,1,0.0
21322715,68983,A - clean,2681.31,2019-11-19T16:30:40.377560,45637,False,1,1,0.0
21322714,92731,A - clean,1909.04,2019-11-19T17:47:57.381754,91431,False,1,1,0.0
21322713,66471,A - clean,70.54,2019-11-19T17:54:47.930665,59324,False,1,1,0.0
21322712,62890,A - clean,1512.2,2019-11-19T17:55:11.384922,32527,False,1,1,0.0
21322711,36325,A - clean,815.81,2019-11-19T17:59:09.948087,39028,False,1,1,0.0
21322710,56368,A - clean,573.72,2019-11-19T18:01:58.805217,62255,False,1,1,0.0
21322709,66465,A - clean,3237.88,2019-11-19T18:11:44.556945,67370,False,1,1,0.0
21322708,23116,A - clean,1527.21,2019-11-19T18:18:04.693124,63646,False,1,1,0.0
21322707,90392,A - clean,248.61,2019-11-19T18:18:37.407258,32213,False,1,1,0.0
21322706,82622,A - clean,316.84,2019-11-19T18:29:43.805859,5907,False,1,1,0.0
21322705,47981,A - clean,284.32,2019-11-19T18:30:41.755245,14487,False,1,1,0.0
21322704,80426,A - clean,887.74,2019-11-19T18:37:23.074268,13052,False,1,1,0.0
21322703,72814,A - clean,191.09,2019-11-19T18:42:54.696435,8466,False,1,1,0.0
21322702,92630,A - clean,592.07,2019-11-19T18:48:24.296526,60569,False,1,1,0.0
21322701,21643,A - clean,335.15,2019-11-19T19:09:13.949610,49205,False,1,1,0.0
21322699,74563,A - clean,82.07,2019-11-19T19:13:33.183141,13410,False,1,2,0.0
21322697,29931,A - clean,337.69,2019-11-19T19:30:17.642128,72886,False,1,1,0.0
21322696,13515,A - clean,78.18,2019-11-19T19:40:02.176869,20046,False,1,1,0.0
21322694,76454,A - clean,355.53,2019-11-19T19:48:04.040674,62255,False,1,1,0.0
21322693,85332,A - clean,1809.16,2019-11-19T19:55:37.796291,341,False,1,1,0.0
21322692,62803,A - clean,588.94,2019-11-19T20:17:54.125401,41264,False,1,1,0.0
21322691,19563,A - clean,818.41,2019-11-19T20:32:31.932705,4621,False,1,1,0.0
21322690,37507,A - clean,1272.11,2019-11-19T20:37:32.033833,36622,False,1,1,0.0
21322689,63685,A - clean,485.29,2019-11-19T20:37:37.444441,87559,False,1,2,0.0
21322688,47894,A - clean,65.68,2019-11-19T20:54:43.118187,95630,False,1,1,0.0
21322687,24312,A - clean,1033.99,2019-11-19T20:56:05.210367,43509,False,1,1,0.0
21322686,28326,A - clean,369.82,2019-11-19T21:03:38.995131,603,False,1,1,0.0
21322685,34851,A - clean,691.67,2019-11-19T21:30:22.727233,40051,False,1,1,0.0
21322683,72458,A - clean,82.63,2019-11-19T21:37:42.487543,7555,False,1,1,0.0
21322681,97541,A - clean,1445.03,2019-11-19T21:48:05.346295,29931,False,1,1,0.0
21322679,1695,A - clean,1770.62,2019-11-19T21:54:11.406074,35132,False,1,1,0.0
21322678,99586,A - clean,5.5,2019-11-19T21:55:59.172133,30659,False,1,1,0.0
21322677,53039,A - clean,484.98,2019-11-19T22:04:12.531695,49205,False,1,1,0.0
21322676,63818,A - clean,553.4,2019-11-19T22:30:34.451744,99730,False,1,1,0.0
21322675,42342,A - clean,1088.54,2019-11-19T22:39:28.721895,21531,False,1,1,0.0
21322674,94446,A - clean,66.17,2019-11-19T23:14:16.666562,82100,False,1,2,0.0
21322673,78872,A - clean,378.22,2019-11-19T23:19:08.997498,99379,False,1,1,0.0
21322670,30441,A - clean,1118.52,2019-11-19T23:56:33.706901,65072,False,1,1,0.0
21322669,65320,A - clean,239.01,2019-11-20T00:00:18.269619,49205,False,1,1,0.0
21322668,98576,A - clean,1585.18,2019-11-20T00:01:04.555330,19656,False,1,1,0.0
21322666,89756,A - clean,1242.37,2019-11-20T00:06:08.177180,17348,False,1,1,0.0
21322665,82789,A - clean,649.2,2019-11-20T00:22:38.830971,98449,False,1,1,0.0
21322664,99819,A - clean,365.39,2019-11-20T00:49:37.979976,17264,False,1,1,0.0
21322663,91571,A - clean,465.61,2019-11-20T01:27:11.997819,6613,False,1,1,0.0
21322662,60132,A - clean,1768.93,2019-11-20T02:04:17.454187,58014,False,1,1,0.0
21322661,6712,A - clean,80.02,2019-11-20T02:14:50.799772,36825,False,1,1,0.0
21322660,14780,A - clean,236.78,2019-11-20T02:25:01.642992,67218,False,1,1,0.0
21322659,16657,A - clean,184.92,2019-11-20T03:53:46.851311,99730,False,1,2,0.0
21322658,89730,A - clean,446.04,2019-11-20T05:18:48.171096,13474,False,1,1,0.0
21322657,93619,A - clean,217.41,2019-11-20T13:01:34.221073,46103,False,1,1,0.0
21322656,92096,A - clean,357.91,2019-11-20T13:11:17.283617,28362,False,1,1,0.0
21322655,85998,A - clean,660.93,2019-11-20T14:10:38.625651,1953,False,1,1,0.0
21322653,62755,A - clean,173.28,2019-11-20T14:52:09.658570,72662,False,1,1,0.0
21322651,65326,A - clean,1140.63,2019-11-20T15:22:44.804462,34561,False,1,2,0.0
21322650,65326,A - clean,531.38,2019-11-20T15:24:24.025276,34561,False,1,2,0.0
21322649,64478,A - clean,767.17,2019-11-20T15:51:39.207888,40051,False,1,1,0.0
21322648,72728,A - clean,68.13,2019-11-20T15:52:36.726631,83283,False,1,1,0.0
21322647,39318,A - clean,489.93,2019-11-20T16:07:13.103314,90032,False,1,1,0.0
21322646,50249,A - clean,194.65,2019-11-20T16:35:25.787167,70454,False,1,1,0.0
21322645,98445,A - clean,10.07,2019-11-20T16:44:10.511211,15064,False,1,1,0.0
21322644,17605,A - clean,917.65,2019-11-20T16:58:46.221936,6280,False,1,1,0.0
21322643,74248,A - clean,25.19,2019-11-20T17:03:35.083921,14023,False,1,1,0.0
21322642,5775,A - clean,180.58,2019-11-20T17:21:06.077854,78653,False,1,1,0.0
21322641,89817,A - clean,207.94,2019-11-20T17:29:27.220587,76677,False,1,1,0.0
21322640,99571,A - clean,226.4,2019-11-20T17:31:47.266804,79698,False,1,1,0.0
21322639,55838,A - clean,262.7,2019-11-20T17:40:57.362060,34434,False,1,1,0.0
21322636,53512,A - clean,1381.81,2019-11-20T18:28:22.717159,87176,False,1,1,0.0
21322635,48867,A - clean,947.25,2019-11-20T18:56:51.932746,77557,False,1,1,0.0
21322634,79838,A - clean,60.34,2019-11-20T19:24:57.654153,57710,False,1,1,0.0
21322632,15225,A - clean,464.58,2019-11-20T20:27:10.879728,78653,False,1,1,0.0
21322631,55384,A - clean,195.54,2019-11-20T20:30:53.639208,49205,False,1,1,0.0
21322630,94446,A - clean,10.58,2019-11-20T20:51:54.633711,82100,False,1,2,0.0
21322629,79852,A - clean,2852.75,2019-11-20T21:04:33.983833,35512,False,1,1,0.0
21322628,97381,A - clean,3411.42,2019-11-20T21:23:58.978912,71075,False,1,1,0.0
21322625,92075,A - clean,492.17,2019-11-20T21:46:55.363782,49205,False,1,1,0.0
21322623,89040,A - clean,225.55,2019-11-20T22:23:37.525389,18344,False,1,1,0.0
21322622,54116,A - clean,176.55,2019-11-20T22:24:19.428209,49205,False,1,1,0.0
21322618,67850,A - clean,253.22,2019-11-20T23:16:59.154989,50653,False,1,1,0.0
21322617,34323,A - clean,215.5,2019-11-21T00:31:47.514640,39528,False,1,1,0.0
21322615,74713,A - clean,531.96,2019-11-21T01:06:02.862952,12663,False,1,1,0.0
21322614,57319,A - clean,29.26,2019-11-21T01:16:21.228107,77695,False,1,1,0.0
21322613,20026,A - clean,998.15,2019-11-21T01:46:12.470772,29120,False,1,1,0.0
21322612,41562,A - clean,403.82,2019-11-21T02:06:36.539468,49205,False,1,1,0.0
21322611,57353,A - clean,139.64,2019-11-21T03:03:45.964149,38764,False,1,1,0.0
21322610,30806,A - clean,10.46,2019-11-21T03:05:14.306610,42711,False,1,1,0.0
21322609,46976,A - clean,10.05,2019-11-21T03:21:45.564167,51615,False,1,1,0.0
21322608,69532,A - clean,288.41,2019-11-21T11:06:47.088398,14025,False,1,1,0.0
21322607,63542,A - clean,428.33,2019-11-21T11:16:16.387181,99379,False,1,1,0.0
21322606,51786,A - clean,2033.16,2019-11-21T11:48:28.702768,67306,False,1,1,0.0
21322604,51024,A - clean,375.22,2019-11-21T12:42:36.574147,43938,False,1,1,0.0
21322603,63265,A - clean,360.43,2019-11-21T12:48:25.372192,22533,False,1,1,0.0
21322602,47362,A - clean,281.26,2019-11-21T13:25:10.091074,34434,False,1,1,0.0
21322601,69843,A - clean,241.01,2019-11-21T13:33:50.434501,52663,False,1,1,0.0
21322600,2594,A - clean,375.12,2019-11-21T13:34:01.075853,33006,False,1,1,0.0
21322599,55733,A - clean,363.66,2019-11-21T13:52:07.965139,11863,False,1,1,0.0
21322598,65030,A - clean,354.73,2019-11-21T13:57:19.990212,15858,False,1,1,0.0
21322597,22443,A - clean,1123.35,2019-11-21T14:04:21.534414,60121,False,1,1,0.0
21322596,56541,A - clean,681.84,2019-11-21T14:08:04.391089,17682,False,1,1,0.0
21322595,58799,A - clean,199.21,2019-11-21T14:12:53.055221,1356,False,1,2,0.0
21322594,51657,A - clean,20.82,2019-11-21T14:31:01.471600,83298,False,1,1,0.0
21322593,33097,A - clean,461.07,2019-11-21T14:33:40.684004,99379,False,1,1,0.0
21322592,96832,A - clean,514.25,2019-11-21T14:35:12.422655,23781,False,1,1,0.0
21322591,52613,A - clean,215.99,2019-11-21T14:37:38.327614,15371,False,1,2,0.0
21322590,33558,A - clean,317.78,2019-11-21T14:38:00.047996,52663,False,1,1,0.0
21322589,91598,A - clean,110.33,2019-11-21T14:38:35.751675,86011,False,1,1,0.0
21322588,52613,A - clean,80.7,2019-11-21T14:46:29.475888,15371,False,1,2,0.0
21322587,17694,A - clean,1013.43,2019-11-21T14:59:15.601892,41067,False,1,1,0.0
21322586,26151,A - clean,305.93,2019-11-21T15:00:52.747614,49205,False,1,1,0.0
21322585,65703,A - clean,756.96,2019-11-21T15:01:31.002065,7594,False,1,1,0.0
21322584,69927,A - clean,945.0,2019-11-21T15:09:10.014362,696,False,1,1,0.0
21322583,20866,A - clean,133.41,2019-11-21T15:12:29.169054,80068,False,1,1,0.0
21322582,13368,A - clean,190.38,2019-11-21T15:18:16.872648,76725,False,1,1,0.0
21322581,35083,A - clean,232.71,2019-11-21T15:29:51.475837,33256,False,1,2,0.0
21322580,94560,A - clean,683.4,2019-11-21T15:30:39.964723,64535,False,1,1,0.0
21322579,14625,A - clean,283.9,2019-11-21T15:32:42.924069,8111,False,1,1,0.0
21322577,20078,A - clean,2838.91,2019-11-21T15:50:55.992029,28639,False,1,1,0.0
21322574,97550,A - clean,40.76,2019-11-21T16:11:06.982246,51319,False,1,1,0.0
21322573,40506,A - clean,335.02,2019-11-21T16:16:00.154242,68998,False,1,1,0.0
21322572,47545,A - clean,380.66,2019-11-21T16:16:58.162885,94722,False,1,1,0.0
21322571,70633,A - clean,321.12,2019-11-21T16:19:26.927929,52496,False,1,1,0.0
21322570,91972,A - clean,146.33,2019-11-21T16:20:49.215266,21769,False,1,1,0.0
21322569,63096,A - clean,1427.98,2019-11-21T16:28:38.294631,43816,False,1,2,0.0
21322568,28421,A - clean,152.1,2019-11-21T16:30:22.583310,53599,False,1,1,0.0
21322567,88138,A - clean,207.89,2019-11-21T16:30:53.158401,88783,False,1,1,0.0
21322566,29915,A - clean,728.21,2019-11-21T16:34:47.241958,49440,False,1,1,0.0
21322564,89902,A - clean,2991.66,2019-11-21T16:42:18.626052,16793,False,1,1,0.0
21322563,97727,A - clean,130.98,2019-11-21T16:47:15.351858,97285,False,1,1,0.0
21322562,54327,A - clean,5.65,2019-11-21T16:48:47.294958,25361,False,1,1,0.0
21322561,68772,A - clean,329.45,2019-11-21T17:02:50.549220,70989,False,1,1,0.0
21322560,2686,A - clean,99.9,2019-11-21T17:11:23.165864,79698,False,1,1,0.0
21322559,52243,A - clean,70.43,2019-11-21T17:13:31.824386,46464,False,1,1,0.0
21322558,41771,A - clean,2798.04,2019-11-21T17:21:36.123145,1746,False,1,1,0.0
21322556,17682,A - clean,292.83,2019-11-21T17:27:53.934879,99379,False,1,1,0.0
21322555,29423,A - clean,748.06,2019-11-21T17:34:44.920688,26503,False,1,1,0.0
21322554,50083,A - clean,572.9,2019-11-21T17:43:04.951902,42560,False,1,1,0.0
21322553,97949,A - clean,160.49,2019-11-21T17:45:24.211399,99379,False,1,1,0.0
21322551,30702,A - clean,697.76,2019-11-21T17:52:16.476464,14006,False,1,2,0.0
21322550,30690,A - clean,835.11,2019-11-21T17:54:28.170574,26981,False,1,1,0.0
21322549,30702,A - clean,1609.67,2019-11-21T17:54:47.072523,14006,False,1,2,0.0
21322548,16083,A - clean,340.98,2019-11-21T17:58:29.393946,68856,False,1,1,0.0
21322547,14802,A - clean,468.4,2019-11-21T18:00:20.367145,21386,False,1,1,0.0
21322546,91425,A - clean,1334.63,2019-11-21T18:01:26.502373,94747,False,1,1,0.0
21322545,46379,A - clean,1138.78,2019-11-21T18:01:30.317905,91247,False,1,1,0.0
21322544,89071,A - clean,372.33,2019-11-21T18:05:43.059242,33167,False,1,2,0.0
21322543,65981,A - clean,376.42,2019-11-21T18:06:08.245460,66409,False,1,1,0.0
21322542,20556,A - clean,1237.64,2019-11-21T18:12:46.301811,85369,False,1,1,0.0
21322541,15848,A - clean,333.46,2019-11-21T18:27:50.898046,29568,False,1,1,0.0
21322539,78414,A - clean,230.59,2019-11-21T18:29:17.180919,82477,False,1,1,0.0
21322538,62434,A - clean,183.28,2019-11-21T18:46:39.571672,77233,False,1,1,0.0
21322537,48359,A - clean,178.53,2019-11-21T18:50:15.371848,95786,False,1,1,0.0
21322536,54983,A - clean,372.44,2019-11-21T18:50:42.814839,59539,False,1,1,0.0
21322534,85413,A - clean,233.5,2019-11-21T18:57:41.777892,67049,False,1,1,0.0
21322533,35428,A - clean,83.93,2019-11-21T18:59:29.491406,71441,False,1,1,0.0
21322532,82540,A - clean,165.33,2019-11-21T19:00:07.695785,981,False,1,1,0.0
21322531,91054,A - clean,95.75,2019-11-21T19:00:15.443317,59324,False,1,1,0.0
21322530,72328,A - clean,464.75,2019-11-21T19:01:29.089536,86964,False,1,1,0.0
21322529,55849,A - clean,50.02,2019-11-21T19:02:06.386270,57737,False,1,1,0.0
21322528,68523,A - clean,3334.5,2019-11-21T19:11:14.632744,1569,False,1,1,0.0
21322527,63842,A - clean,401.51,2019-11-21T19:13:15.083886,64479,False,1,1,0.0
21322524,18257,A - clean,288.64,2019-11-21T19:41:37.692454,29931,False,1,1,0.0
21322523,23238,A - clean,154.12,2019-11-21T19:43:09.299592,71684,False,1,1,0.0
21322522,97125,A - clean,10.64,2019-11-21T19:45:27.074194,1466,False,1,1,0.0
21322521,19432,A - clean,144.76,2019-11-21T19:53:03.745640,57387,False,1,1,0.0
21322520,30494,A - clean,20.92,2019-11-21T19:57:27.805914,97314,False,1,1,0.0
21322519,62841,A - clean,50.73,2019-11-21T20:00:01.252663,73119,False,1,1,0.0
21322518,56468,A - clean,33.04,2019-11-21T20:00:29.859069,58069,False,1,1,0.0
21322517,35844,A - clean,390.14,2019-11-21T20:01:40.951949,56148,False,1,1,0.0
21322516,74593,A - clean,10.43,2019-11-21T20:02:05.611221,28721,False,1,1,0.0
21322515,46257,A - clean,407.79,2019-11-21T20:05:01.986460,94026,False,1,1,0.0
21322514,62137,A - clean,217.71,2019-11-21T20:07:05.620498,67952,False,1,1,0.0
21322513,18638,A - clean,726.24,2019-11-21T20:14:36.581210,90326,False,1,1,0.0
21322512,38995,A - clean,4035.68,2019-11-21T20:15:18.675355,1954,False,1,1,0.0
21322511,80139,A - clean,1062.78,2019-11-21T20:18:11.209959,18848,False,1,1,0.0
21322510,89492,A - clean,10.3,2019-11-21T20:18:46.661299,63467,False,1,1,0.0
21322508,95580,A - clean,631.82,2019-11-21T20:22:41.037039,96247,False,1,1,0.0
21322507,26425,A - clean,64.68,2019-11-21T20:24:27.205509,44229,False,1,1,0.0
21322506,33773,A - clean,10.61,2019-11-21T20:25:03.797212,9008,False,1,1,0.0
21322505,540,A - clean,1316.85,2019-11-21T20:25:31.316288,81433,False,1,1,0.0
21322503,30508,A - clean,621.9,2019-11-21T20:29:27.348129,76334,False,1,1,0.0
21322501,78697,A - clean,177.84,2019-11-21T20:37:52.210257,42178,False,1,1,0.0
21322499,55586,A - clean,2.23,2019-11-21T20:43:28.052814,9507,False,1,1,0.0
21322498,67934,A - clean,669.63,2019-11-21T20:44:54.082964,46510,False,1,1,0.0
21322497,66182,A - clean,759.48,2019-11-21T20:45:40.777814,11210,False,1,1,0.0
21322496,94619,A - clean,542.53,2019-11-21T20:49:06.736246,9309,False,1,1,0.0
21322495,4710,A - clean,485.82,2019-11-21T20:53:06.625484,63983,False,1,1,0.0
21322493,32202,A - clean,461.39,2019-11-21T20:54:56.831646,26077,False,1,1,0.0
21322490,68462,A - clean,1322.28,2019-11-21T20:58:21.952635,55650,False,1,1,0.0
21322489,82426,A - clean,514.47,2019-11-21T21:00:04.087084,62052,False,1,1,0.0
21322488,78216,A - clean,637.38,2019-11-21T21:03:46.607668,38274,False,1,1,0.0
21322487,49891,A - clean,1922.95,2019-11-21T21:04:06.011576,16584,False,1,1,0.0
21322486,21627,A - clean,318.46,2019-11-21T21:09:26.071624,23401,False,1,1,0.0
21322485,91080,A - clean,412.12,2019-11-21T21:09:26.859026,82991,False,1,1,0.0
21322484,11634,A - clean,10.32,2019-11-21T21:11:27.275857,50563,False,1,1,0.0
21322483,26539,A - clean,50.85,2019-11-21T21:15:51.756597,22612,False,1,1,0.0
21322482,75136,A - clean,10.25,2019-11-21T21:21:15.790097,37323,False,1,1,0.0
21322481,93247,A - clean,47.13,2019-11-21T21:30:32.118284,25844,False,1,1,0.0
21322479,22005,A - clean,1187.51,2019-11-21T21:37:44.962767,77802,False,1,1,0.0
21322478,39875,A - clean,1021.56,2019-11-21T21:44:09.949447,68616,False,1,1,0.0
21322476,66168,A - clean,264.48,2019-11-21T21:56:45.395044,23243,False,1,1,0.0
21322475,20367,A - clean,1624.54,2019-11-21T21:56:48.502553,17057,False,1,1,0.0
21322474,31847,A - clean,1571.14,2019-11-21T21:58:36.204346,68337,False,1,1,0.0
21322473,83380,A - clean,489.95,2019-11-21T22:09:33.945833,87559,False,1,1,0.0
21322472,25234,A - clean,58.16,2019-11-21T22:09:49.816829,79938,False,1,1,0.0
21322471,60325,A - clean,246.57,2019-11-21T22:12:22.944958,64076,False,1,1,0.0
21322470,54795,A - clean,10.78,2019-11-21T22:14:19.091305,10219,False,1,1,0.0
21322469,96481,A - clean,175.89,2019-11-21T22:27:48.093520,75933,False,1,1,0.0
21322468,91508,A - clean,100.45,2019-11-21T22:27:51.731702,12855,False,1,1,0.0
21322467,38900,A - clean,651.57,2019-11-21T22:28:17.807557,39528,False,1,1,0.0
21322466,15599,A - clean,1099.69,2019-11-21T22:43:01.773291,22612,False,1,1,0.0
21322465,51263,A - clean,711.49,2019-11-21T22:43:03.113690,71549,False,1,1,0.0
21322463,87858,A - clean,816.54,2019-11-21T22:45:42.099645,9828,False,1,1,0.0
21322462,97094,A - clean,252.42,2019-11-21T22:52:16.082986,23694,False,1,1,0.0
21322461,56413,A - clean,167.75,2019-11-21T22:52:44.034093,33938,False,1,1,0.0
21322459,50852,A - clean,412.55,2019-11-21T23:01:00.015639,79938,False,1,1,0.0
21322456,98606,A - clean,17.66,2019-11-21T23:17:59.303368,25732,False,1,1,0.0
21322454,25452,A - clean,775.85,2019-11-21T23:23:29.252873,24340,False,1,1,0.0
21322453,81872,A - clean,285.34,2019-11-21T23:26:44.297580,38803,False,1,1,0.0
21322452,76452,A - clean,576.07,2019-11-21T23:26:55.956597,98913,False,1,1,0.0
21322451,58162,A - clean,2357.2,2019-11-21T23:28:24.623768,71577,False,1,1,0.0
21322450,55748,A - clean,537.96,2019-11-21T23:35:48.895812,24618,False,1,1,0.0
21322449,14884,A - clean,407.67,2019-11-21T23:36:53.179673,85032,False,1,1,0.0
21322448,99411,A - clean,765.02,2019-11-21T23:39:56.992208,65702,False,1,1,0.0
21322445,55540,A - clean,798.03,2019-11-21T23:47:51.298209,17712,False,1,1,0.0
21322444,77889,A - clean,711.5,2019-11-21T23:53:14.861197,39360,False,1,1,0.0
21322442,45475,A - clean,100.08,2019-11-22T00:01:17.164487,12855,False,1,1,0.0
21322440,79445,A - clean,10.96,2019-11-22T00:07:11.436728,13772,False,1,1,0.0
21322436,96302,A - clean,455.95,2019-11-22T00:13:05.956911,65361,False,1,1,0.0
21322435,82734,A - clean,10.19,2019-11-22T00:18:27.553814,28675,False,1,1,0.0
21322434,19799,A - clean,1598.89,2019-11-22T00:27:46.582709,31978,False,1,1,0.0
21322433,34927,A - clean,201.63,2019-11-22T00:37:30.063504,47860,False,1,1,0.0
21322432,6326,A - clean,100.35,2019-11-22T00:47:11.294516,12855,False,1,1,0.0
21322431,39265,A - clean,95.61,2019-11-22T00:49:02.259189,91881,False,1,1,0.0
21322430,30447,A - clean,256.98,2019-11-22T00:49:34.601473,34434,False,1,1,0.0
21322429,90123,A - clean,20.77,2019-11-22T00:52:08.501289,50897,False,1,1,0.0
21322428,73846,A - clean,3904.44,2019-11-22T01:00:39.797876,53041,False,1,1,0.0
21322426,96402,A - clean,10.74,2019-11-22T01:19:14.604680,82879,False,1,1,0.0
21322425,27581,A - clean,149.3,2019-11-22T01:28:19.616667,14834,False,1,1,0.0
21322424,28646,A - clean,670.2,2019-11-22T01:31:33.197637,63916,False,1,1,0.0
21322423,94607,A - clean,1411.55,2019-11-22T01:31:43.193686,39502,False,1,1,0.0
21322422,7593,A - clean,494.73,2019-11-22T01:32:19.407724,63467,False,1,1,0.0
21322420,58052,A - clean,2490.08,2019-11-22T01:38:52.830022,53041,False,1,1,0.0
21322417,89951,A - clean,292.02,2019-11-22T02:08:01.290185,38803,False,1,1,0.0
21322416,45371,A - clean,338.48,2019-11-22T02:17:54.174732,99372,False,1,1,0.0
21322412,71474,A - clean,383.27,2019-11-22T03:05:52.464358,2275,False,1,1,0.0
21322410,70808,A - clean,169.06,2019-11-22T03:10:53.086020,78581,False,1,1,0.0
21322409,6770,A - clean,344.72,2019-11-22T03:11:32.599025,90035,False,1,1,0.0
21322408,64921,A - clean,336.81,2019-11-22T03:13:33.722611,56275,False,1,1,0.0
21322407,15031,A - clean,636.35,2019-11-22T04:31:32.078116,7246,False,1,1,0.0
21322405,39729,A - clean,10.98,2019-11-22T09:49:33.195286,99298,False,1,1,0.0
21322404,97123,A - clean,340.99,2019-11-22T10:14:13.143810,84699,False,1,1,0.0
21322403,22391,A - clean,1203.12,2019-11-22T10:36:54.553491,8549,False,1,1,0.0
21322402,70472,A - clean,782.73,2019-11-22T11:05:03.173274,85373,False,1,1,0.0
21322401,61234,A - clean,168.31,2019-11-22T11:19:34.576226,41034,False,1,1,0.0
21322400,1072,A - clean,499.68,2019-11-22T11:20:51.917158,73182,False,1,1,0.0
21322399,99304,A - clean,2.11,2019-11-22T11:24:53.953222,74790,False,1,1,0.0
21322398,79908,A - clean,1879.8,2019-11-22T11:27:57.613499,97631,False,1,1,0.0
21322397,88529,A - clean,227.34,2019-11-22T11:33:33.417872,65807,False,1,1,0.0
21322396,23494,A - clean,348.12,2019-11-22T11:34:04.641491,62853,False,1,1,0.0
21322395,76159,A - clean,533.35,2019-11-22T11:36:35.210339,76802,False,1,1,0.0
21322394,58287,A - clean,626.21,2019-11-22T11:38:30.264760,61644,False,1,1,0.0
21322393,33616,A - clean,404.82,2019-11-22T11:45:44.728800,81894,False,1,1,0.0
21322392,80111,A - clean,2727.53,2019-11-22T11:50:47.937512,19223,False,1,1,0.0
21322391,64256,A - clean,297.97,2019-11-22T11:54:38.156922,36884,False,1,1,0.0
21322390,26088,A - clean,20.6,2019-11-22T11:55:37.909062,90371,False,1,1,0.0
21322388,83758,A - clean,79.13,2019-11-22T11:59:47.226356,43143,False,1,1,0.0
21322387,51527,A - clean,157.51,2019-11-22T12:09:02.702598,4129,False,1,1,0.0
21322386,20178,A - clean,20.82,2019-11-22T12:18:59.920735,47863,False,1,1,0.0
21322385,15779,A - clean,92.86,2019-11-22T12:19:09.535287,94482,False,1,1,0.0
21322384,2435,A - clean,987.18,2019-11-22T12:20:52.199967,53886,False,1,1,0.0
21322383,77144,A - clean,12.48,2019-11-22T12:23:24.861413,4997,False,1,1,0.0
21322382,60698,A - clean,220.2,2019-11-22T12:24:10.149735,31716,False,1,1,0.0
21322381,9983,A - clean,320.41,2019-11-22T12:32:06.568901,68087,False,1,1,0.0
21322380,31556,A - clean,166.84,2019-11-22T12:36:31.438255,78620,False,1,1,0.0
21322378,49500,A - clean,404.09,2019-11-22T12:46:59.107248,4757,False,1,1,0.0
21322377,68954,A - clean,1120.25,2019-11-22T12:51:02.098477,47703,False,1,1,0.0
21322376,58059,A - clean,136.66,2019-11-22T12:59:06.445728,42214,False,1,1,0.0
21322375,99654,A - clean,2373.03,2019-11-22T13:00:38.518859,30180,False,1,1,0.0
21322374,87997,A - clean,155.85,2019-11-22T13:05:47.234228,24714,False,1,1,0.0
21322373,12876,A - clean,40.99,2019-11-22T13:14:42.655955,49817,False,1,1,0.0
21322372,90972,A - clean,701.64,2019-11-22T13:23:03.450939,65465,False,1,1,0.0
21322371,38200,A - clean,380.53,2019-11-22T13:31:04.548736,95111,False,1,1,0.0
21322370,23864,A - clean,415.6,2019-11-22T13:35:54.267190,65919,False,1,1,0.0
21322369,86431,A - clean,307.08,2019-11-22T13:36:42.924139,7672,False,1,1,0.0
21322368,14857,A - clean,155.23,2019-11-22T13:38:56.691013,59856,False,1,1,0.0
21322367,15357,A - clean,259.45,2019-11-22T13:40:51.087192,10002,False,1,1,0.0
21322365,33181,A - clean,387.33,2019-11-22T13:54:59.073599,15572,False,1,1,0.0
21322364,81216,A - clean,301.09,2019-11-22T13:56:19.445076,24340,False,1,1,0.0
21322363,8653,A - clean,315.69,2019-11-22T13:57:27.034012,88500,False,1,1,0.0
21322362,33835,A - clean,2555.18,2019-11-22T13:59:58.913061,2066,False,1,1,0.0
21322361,19909,A - clean,239.99,2019-11-22T14:05:39.287442,50512,False,1,1,0.0
21322360,43344,A - clean,1093.57,2019-11-22T14:09:21.994584,58341,False,1,1,0.0
21322359,77513,A - clean,197.95,2019-11-22T14:10:36.038929,41034,False,1,1,0.0
21322357,95794,A - clean,2424.54,2019-11-22T14:13:14.245143,5197,False,1,1,0.0
21322356,48388,A - clean,209.88,2019-11-22T14:16:52.868057,33045,False,1,1,0.0
21322355,3457,A - clean,901.93,2019-11-22T14:18:25.744555,96786,False,1,1,0.0
21322354,77952,A - clean,267.72,2019-11-22T14:18:52.672122,49205,False,1,1,0.0
21322353,99634,A - clean,40.24,2019-11-22T14:19:18.583881,76347,False,1,1,0.0
21322352,23038,A - clean,2020.44,2019-11-22T14:22:42.261893,65330,False,1,1,0.0
21322350,76474,A - clean,561.6,2019-11-22T14:28:05.269811,82477,False,1,1,0.0
21322348,19363,A - clean,187.81,2019-11-22T14:32:08.434433,56692,False,1,1,0.0
21322347,80116,A - clean,474.57,2019-11-22T14:33:08.237045,41034,False,1,1,0.0
21322346,31869,A - clean,20.57,2019-11-22T14:37:44.761418,80472,False,1,1,0.0
21322344,36538,A - clean,163.46,2019-11-22T14:39:23.573771,49205,False,1,1,0.0
21322343,85276,A - clean,860.01,2019-11-22T14:39:46.263773,65951,False,1,1,0.0
21322340,32861,A - clean,252.56,2019-11-22T14:43:33.873715,49205,False,1,1,0.0
21322339,41526,A - clean,300.22,2019-11-22T14:47:14.052107,31960,False,1,1,0.0
21322338,57906,A - clean,2503.4,2019-11-22T14:51:54.719874,40591,False,1,1,0.0
21322337,70165,A - clean,353.95,2019-11-22T14:52:25.326793,25921,False,1,1,0.0
21322336,41714,A - clean,754.64,2019-11-22T14:54:40.200745,21387,False,1,1,0.0
21322335,74971,A - clean,324.65,2019-11-22T14:57:47.641894,39051,False,1,1,0.0
21322333,78426,A - clean,279.06,2019-11-22T15:01:13.298186,49205,False,1,1,0.0
21322331,45039,A - clean,1012.37,2019-11-22T15:04:17.224714,32808,False,1,1,0.0
21322330,41595,A - clean,476.1,2019-11-22T15:06:21.141382,99379,False,1,1,0.0
21322329,14419,A - clean,10.67,2019-11-22T15:07:05.361119,42526,False,1,1,0.0
21322328,68081,A - clean,1139.65,2019-11-22T15:07:23.427725,90954,False,1,1,0.0
21322327,2278,A - clean,726.48,2019-11-22T15:11:54.793681,5525,False,1,1,0.0
21322326,84641,A - clean,829.17,2019-11-22T15:13:56.848619,13436,False,1,1,0.0
21322325,88822,A - clean,148.34,2019-11-22T15:16:54.687282,10226,False,1,1,0.0
21322324,98432,A - clean,448.82,2019-11-22T15:17:02.858448,49387,False,1,2,0.0
21322323,98432,A - clean,514.89,2019-11-22T15:18:41.555535,49387,False,1,2,0.0
21322322,73616,A - clean,1527.31,2019-11-22T15:23:45.941269,31663,False,1,1,0.0
21322321,95633,A - clean,1770.65,2019-11-22T15:26:04.753278,30180,False,1,1,0.0
21322320,70785,A - clean,200.7,2019-11-22T15:26:39.503190,24092,False,1,1,0.0
21322319,33215,A - clean,235.92,2019-11-22T15:27:44.544261,84548,False,1,1,0.0
21322318,74352,A - clean,1980.81,2019-11-22T15:28:43.400648,30180,False,1,1,0.0
21322317,96175,A - clean,3079.15,2019-11-22T15:37:34.045005,64072,False,1,1,0.0
21322316,18479,A - clean,260.77,2019-11-22T15:39:27.464858,72026,False,1,1,0.0
21322315,72958,A - clean,251.38,2019-11-22T15:39:37.852933,56464,False,1,1,0.0
21322314,2507,A - clean,681.29,2019-11-22T15:40:33.967439,64311,False,1,1,0.0
21322313,44550,A - clean,369.0,2019-11-22T15:40:59.750427,12988,False,1,1,0.0
21322312,28360,A - clean,2082.94,2019-11-22T15:46:46.018821,57787,False,1,1,0.0
21322310,30907,A - clean,700.8,2019-11-22T15:47:49.308140,71508,False,1,1,0.0
21322309,20505,A - clean,1522.03,2019-11-22T15:51:01.369859,57902,False,1,1,0.0
21322308,65740,A - clean,81.0,2019-11-22T15:51:22.408832,76533,False,1,1,0.0
21322307,32928,A - clean,256.89,2019-11-22T15:52:28.060841,99379,False,1,1,0.0
21322306,18481,A - clean,5.86,2019-11-22T15:53:28.867841,51676,False,1,1,0.0
21322305,40230,A - clean,693.59,2019-11-22T15:54:38.544782,23781,False,1,1,0.0
21322304,83714,A - clean,689.35,2019-11-22T15:56:52.078176,18329,False,1,1,0.0
21322303,12148,A - clean,627.54,2019-11-22T15:57:02.943219,23017,False,1,1,0.0
21322302,63979,A - clean,302.04,2019-11-22T16:01:19.014463,18415,False,1,1,0.0
21322301,63593,A - clean,227.21,2019-11-22T16:03:21.879187,87378,False,1,1,0.0
21322300,74328,A - clean,10.79,2019-11-22T16:03:41.594611,56185,False,1,1,0.0
21322299,91208,A - clean,10.04,2019-11-22T16:06:11.070531,37052,False,1,1,0.0
21322298,56201,A - clean,70.29,2019-11-22T16:07:02.967031,25807,False,1,1,0.0
21322297,67953,A - clean,10.58,2019-11-22T16:10:40.422536,51481,False,1,1,0.0
21322295,89227,A - clean,262.35,2019-11-22T16:14:30.123109,65398,False,1,1,0.0
21322294,70746,A - clean,259.04,2019-11-22T16:17:08.029548,896,False,1,1,0.0
21322293,97302,A - clean,294.7,2019-11-22T16:18:21.224263,81550,False,1,1,0.0
21322292,94740,A - clean,289.66,2019-11-22T16:22:09.687088,13148,False,1,1,0.0
21322291,59738,A - clean,211.33,2019-11-22T16:26:05.272091,33367,False,1,1,0.0
21322290,12259,A - clean,1459.66,2019-11-22T16:26:06.941764,4997,False,1,1,0.0
21322289,26109,A - clean,3575.37,2019-11-22T16:27:44.557324,95186,False,1,1,0.0
21322288,13866,A - clean,278.87,2019-11-22T16:31:47.973998,16,False,1,1,0.0
21322287,24460,A - clean,859.77,2019-11-22T16:32:25.147854,81945,False,1,1,0.0
21322286,90743,A - clean,465.56,2019-11-22T16:34:07.570724,92365,False,1,1,0.0
21322285,3022,A - clean,95.28,2019-11-22T16:40:30.715293,49801,False,1,1,0.0
21322284,83605,A - clean,1206.7,2019-11-22T16:41:18.714241,22906,False,1,1,0.0
21322283,46876,A - clean,240.21,2019-11-22T16:44:42.861948,15872,False,1,1,0.0
21322282,44310,A - clean,264.77,2019-11-22T16:46:50.566604,22454,False,1,1,0.0
21322281,56353,A - clean,978.74,2019-11-22T16:47:23.205633,72133,False,1,1,0.0
21322280,92466,A - clean,10.56,2019-11-22T16:47:24.803792,18675,False,1,1,0.0
21322279,21527,A - clean,564.82,2019-11-22T16:47:46.536292,72133,False,1,1,0.0
21322278,52345,A - clean,251.91,2019-11-22T16:49:08.735820,17264,False,1,1,0.0
21322277,5838,A - clean,121.96,2019-11-22T16:50:14.677254,58690,False,1,1,0.0
21322276,68703,A - clean,365.92,2019-11-22T16:54:53.162387,60073,False,1,1,0.0
21322275,71949,A - clean,1656.8,2019-11-22T16:58:11.241433,17031,False,1,1,0.0
21322274,40674,A - clean,934.44,2019-11-22T16:59:45.536963,22118,False,1,1,0.0
21322273,68578,A - clean,1227.61,2019-11-22T17:00:48.716269,58816,False,1,1,0.0
21322272,22356,A - clean,42.79,2019-11-22T17:04:44.852517,39340,False,1,1,0.0
21322271,37333,A - clean,285.8,2019-11-22T17:05:19.277247,49205,False,1,1,0.0
21322270,99486,A - clean,1103.55,2019-11-22T17:08:15.459028,31978,False,1,1,0.0
21322269,23988,A - clean,10.96,2019-11-22T17:08:25.661824,7205,False,1,1,0.0
21322268,81592,A - clean,261.96,2019-11-22T17:08:46.174386,4129,False,1,1,0.0
21322267,24635,A - clean,720.48,2019-11-22T17:10:31.152660,70211,False,1,1,0.0
21322266,4453,A - clean,258.2,2019-11-22T17:14:28.445287,49205,False,1,1,0.0
21322265,95404,A - clean,154.8,2019-11-22T17:19:12.000538,14025,False,1,1,0.0
21322264,62965,A - clean,171.24,2019-11-22T17:27:15.190850,37323,False,1,1,0.0
21322263,86941,A - clean,40.89,2019-11-22T17:27:28.086778,29931,False,1,1,0.0
21322261,9868,A - clean,286.8,2019-11-22T17:29:42.493236,42178,False,1,1,0.0
21322260,42099,A - clean,1444.27,2019-11-22T17:29:43.807084,86032,False,1,1,0.0
21322258,45808,A - clean,1826.27,2019-11-22T17:36:56.223317,99711,False,1,1,0.0
21322257,75261,A - clean,2416.71,2019-11-22T17:37:45.625387,64910,False,1,1,0.0
21322256,36093,A - clean,475.23,2019-11-22T17:39:36.497165,86418,False,1,1,0.0
21322255,8786,A - clean,1757.61,2019-11-22T17:44:21.470681,16495,False,1,1,0.0
21322254,69953,A - clean,620.01,2019-11-22T17:45:21.572405,92089,False,1,1,0.0
21322252,60581,A - clean,30.14,2019-11-22T17:45:38.232728,91707,False,1,1,0.0
21322250,60916,A - clean,20.53,2019-11-22T17:48:01.428088,33862,False,1,1,0.0
21322249,79727,A - clean,3178.31,2019-11-22T17:49:18.958760,53649,False,1,1,0.0
21322248,16851,A - clean,20.39,2019-11-22T17:50:19.835307,56318,False,1,1,0.0
21322247,14205,A - clean,559.23,2019-11-22T17:53:42.561977,11021,False,1,1,0.0
21322246,39925,A - clean,352.09,2019-11-22T17:54:25.312025,96409,False,1,1,0.0
21322244,19623,A - clean,214.29,2019-11-22T17:57:15.974238,13772,False,1,1,0.0
21322243,47747,A - clean,270.96,2019-11-22T17:59:37.884096,66987,False,1,1,0.0
21322242,28685,A - clean,173.03,2019-11-22T18:00:56.065786,65386,False,1,1,0.0
21322241,89590,A - clean,100.4,2019-11-22T18:00:56.240059,77896,False,1,1,0.0
21322240,61602,A - clean,100.73,2019-11-22T18:02:25.403906,47771,False,1,1,0.0
21322239,31219,A - clean,30.04,2019-11-22T18:02:45.971502,64433,False,1,1,0.0
21322238,2484,A - clean,1845.94,2019-11-22T18:03:43.067663,55738,False,1,1,0.0
21322237,2227,A - clean,189.5,2019-11-22T18:09:40.178784,4129,False,1,1,0.0
21322236,12212,A - clean,1129.96,2019-11-22T18:13:12.514390,66916,False,1,1,0.0
21322235,91901,A - clean,1553.72,2019-11-22T18:14:27.294312,26059,False,1,1,0.0
21322234,5156,A - clean,306.95,2019-11-22T18:15:42.858139,73152,False,1,1,0.0
21322233,85267,A - clean,211.82,2019-11-22T18:17:28.850882,42178,False,1,2,0.0
21322231,40980,A - clean,309.12,2019-11-22T18:26:58.572882,95377,False,1,1,0.0
21322230,63793,A - clean,741.58,2019-11-22T18:28:04.132890,22906,False,1,1,0.0
21322228,5892,A - clean,5.56,2019-11-22T18:29:04.474034,74782,False,1,1,0.0
21322227,94766,A - clean,140.84,2019-11-22T18:34:27.362266,64616,False,1,1,0.0
21322226,89547,A - clean,1760.44,2019-11-22T18:34:34.804960,66652,False,1,1,0.0
21322224,5734,A - clean,50.11,2019-11-22T18:36:50.025729,9319,False,1,1,0.0
21322223,31503,A - clean,198.1,2019-11-22T18:36:57.249741,6834,False,1,1,0.0
21322222,37725,A - clean,4072.37,2019-11-22T18:38:26.202390,81977,False,1,1,0.0
21322220,88675,A - clean,1058.91,2019-11-22T18:42:22.454196,35249,False,1,1,0.0
21322219,72886,A - clean,1389.69,2019-11-22T18:45:59.839063,74505,False,1,1,0.0
21322217,55588,A - clean,1151.2,2019-11-22T18:52:56.104611,98669,False,1,1,0.0
21322216,26780,A - clean,10.24,2019-11-22T18:53:56.929530,36991,False,1,1,0.0
21322215,8433,A - clean,213.91,2019-11-22T18:55:27.054283,47360,False,1,1,0.0
21322213,96236,A - clean,630.3,2019-11-22T18:56:44.297679,64329,False,1,1,0.0
21322211,90088,A - clean,215.61,2019-11-22T18:59:15.823094,27327,False,1,1,0.0
21322209,91333,A - clean,639.59,2019-11-22T19:01:54.602174,24340,False,1,1,0.0
21322208,31124,A - clean,266.15,2019-11-22T19:03:07.194996,4129,False,1,1,0.0
21322207,36226,A - clean,762.08,2019-11-22T19:03:50.147903,64820,False,1,1,0.0
21322206,64293,A - clean,257.16,2019-11-22T19:04:59.990129,74505,False,1,1,0.0
21322205,85725,A - clean,270.69,2019-11-22T19:07:29.581614,46837,False,1,1,0.0
21322204,93618,A - clean,278.07,2019-11-22T19:08:55.863461,50487,False,1,1,0.0
21322203,10004,A - clean,291.99,2019-11-22T19:09:08.502500,42178,False,1,1,0.0
21322202,23183,A - clean,143.95,2019-11-22T19:10:45.246641,28573,False,1,1,0.0
21322197,17394,A - clean,70.08,2019-11-22T19:17:15.647846,56355,False,1,1,0.0
21322196,47374,A - clean,640.09,2019-11-22T19:20:27.157008,91628,False,1,1,0.0
21322195,9725,A - clean,296.94,2019-11-22T19:23:56.567599,58280,False,1,1,0.0
21322194,94957,A - clean,132.38,2019-11-22T19:25:01.178018,49716,False,1,1,0.0
21322193,98181,A - clean,1332.61,2019-11-22T19:28:48.263647,36159,False,1,1,0.0
21322192,74772,A - clean,315.64,2019-11-22T19:31:09.611324,87184,False,1,1,0.0
21322191,80190,A - clean,473.58,2019-11-22T19:34:26.807989,13772,False,1,1,0.0
21322190,44896,A - clean,305.5,2019-11-22T19:36:15.257258,64076,False,1,1,0.0
21322188,24776,A - clean,1224.91,2019-11-22T19:39:19.239283,32527,False,1,2,0.0
21322187,15519,A - clean,2013.25,2019-11-22T19:39:29.514737,36929,False,1,1,0.0
21322185,24776,A - clean,199.73,2019-11-22T19:46:02.959547,32527,False,1,2,0.0
21322184,15267,A - clean,1354.14,2019-11-22T19:49:30.576323,10291,False,1,1,0.0
21322183,56855,A - clean,205.96,2019-11-22T19:53:36.619628,41212,False,1,1,0.0
21322179,70094,A - clean,65.15,2019-11-22T20:04:26.230305,12663,False,1,1,0.0
21322178,74716,A - clean,316.34,2019-11-22T20:04:47.544096,38984,False,1,1,0.0
21322176,45552,A - clean,207.89,2019-11-22T20:13:20.087976,4129,False,1,1,0.0
21322174,79932,A - clean,402.77,2019-11-22T20:21:22.536355,85137,False,1,1,0.0
21322173,55041,A - clean,1816.37,2019-11-22T20:26:37.234699,79883,False,1,1,0.0
21322172,58873,A - clean,1753.11,2019-11-22T20:27:45.356448,22118,False,1,1,0.0
21322171,59868,A - clean,150.22,2019-11-22T20:29:34.088637,9244,False,1,1,0.0
21322170,18555,A - clean,232.27,2019-11-22T20:30:33.862745,60073,False,1,1,0.0
21322169,440,A - clean,142.28,2019-11-22T20:35:04.930894,24618,False,1,1,0.0
21322168,16603,A - clean,1534.4,2019-11-22T20:36:01.337261,61326,False,1,1,0.0
21322167,88096,A - clean,515.15,2019-11-22T20:37:13.293656,20198,False,1,1,0.0
21322166,49854,A - clean,2304.48,2019-11-22T20:40:17.423965,41700,False,1,1,0.0
21322165,64242,A - clean,170.38,2019-11-22T20:41:39.437443,83837,False,1,1,0.0
21322164,12627,A - clean,577.29,2019-11-22T20:41:46.552015,92089,False,1,1,0.0
21322163,60316,A - clean,258.25,2019-11-22T20:43:49.380536,46910,False,1,1,0.0
21322161,93080,A - clean,700.8,2019-11-22T20:44:01.446088,50839,False,1,1,0.0
21322160,67464,A - clean,266.61,2019-11-22T20:44:22.191677,12644,False,1,1,0.0
21322159,31095,A - clean,652.82,2019-11-22T20:46:19.669171,88962,False,1,1,0.0
21322156,23354,A - clean,362.15,2019-11-22T20:47:48.371428,50897,False,1,1,0.0
21322155,51271,A - clean,100.76,2019-11-22T20:52:06.854991,52603,False,1,1,0.0
21322154,17851,A - clean,573.96,2019-11-22T20:54:06.671342,34433,False,1,1,0.0
21322153,85850,A - clean,232.2,2019-11-22T20:56:56.168392,7478,False,1,1,0.0
21322152,86627,A - clean,739.33,2019-11-22T20:57:07.318248,68998,False,1,1,0.0
21322151,78350,A - clean,248.15,2019-11-22T20:59:25.321689,17666,False,1,1,0.0
21322150,55581,A - clean,42.88,2019-11-22T21:00:38.557155,46700,False,1,2,0.0
21322149,50855,A - clean,1058.22,2019-11-22T21:00:50.852082,31403,False,1,1,0.0
21322148,59005,A - clean,1267.85,2019-11-22T21:08:18.239952,3978,False,1,1,0.0
21322147,23546,A - clean,3585.9,2019-11-22T21:09:57.976151,90245,False,1,1,0.0
21322146,99056,A - clean,350.88,2019-11-22T21:09:58.122955,6035,False,1,1,0.0
21322145,60793,A - clean,2707.72,2019-11-22T21:11:10.865065,36107,False,1,1,0.0
21322144,18038,A - clean,178.58,2019-11-22T21:12:38.421868,99021,False,1,1,0.0
21322143,5850,A - clean,1231.87,2019-11-22T21:16:05.999712,65728,False,1,1,0.0
21322142,81751,A - clean,972.84,2019-11-22T21:21:49.168772,26765,False,1,1,0.0
21322141,11838,A - clean,1295.63,2019-11-22T21:23:15.037591,94514,False,1,1,0.0
21322140,46161,A - clean,305.25,2019-11-22T21:24:22.004184,99379,False,1,1,0.0
21322139,68598,A - clean,363.04,2019-11-22T21:26:53.416418,98374,False,1,1,0.0
21322138,93455,A - clean,1660.79,2019-11-22T21:27:27.081551,22484,False,1,1,0.0
21322137,34559,A - clean,282.1,2019-11-22T21:28:20.030244,99021,False,1,1,0.0
21322136,61611,A - clean,396.76,2019-11-22T21:29:42.299594,17232,False,1,1,0.0
21322133,74969,A - clean,234.46,2019-11-22T21:45:48.298385,80072,False,1,1,0.0
21322132,45717,A - clean,413.88,2019-11-22T21:46:45.153131,5809,False,1,1,0.0
21322131,40298,A - clean,10.1,2019-11-22T21:48:02.782739,31644,False,1,1,0.0
21322130,34989,A - clean,771.19,2019-11-22T21:55:57.453230,73480,False,1,1,0.0
21322128,86031,A - clean,907.5,2019-11-22T22:09:25.320686,35140,False,1,1,0.0
21322126,11570,A - clean,192.29,2019-11-22T22:15:10.051566,30156,False,1,1,0.0
21322125,41788,A - clean,748.36,2019-11-22T22:17:12.194157,3736,False,1,1,0.0
21322124,13229,A - clean,1358.87,2019-11-22T22:18:28.751622,33688,False,1,2,0.0
21322123,29343,A - clean,30.89,2019-11-22T22:22:07.364443,21386,False,1,1,0.0
21322122,13229,A - clean,701.9,2019-11-22T22:22:59.044064,33688,False,1,2,0.0
21322121,85465,A - clean,2144.86,2019-11-22T22:24:20.096299,69555,False,1,1,0.0
21322120,92742,A - clean,428.29,2019-11-22T22:27:19.824309,14769,False,1,1,0.0
21322119,77837,A - clean,363.82,2019-11-22T22:29:02.103810,52496,False,1,1,0.0
21322118,78732,A - clean,86.22,2019-11-22T22:30:26.166585,74453,False,1,1,0.0
21322117,79072,A - clean,257.93,2019-11-22T22:31:37.773043,98542,False,1,1,0.0
21322115,7709,A - clean,183.23,2019-11-22T22:32:44.653199,39522,False,1,1,0.0
21322114,95252,A - clean,530.95,2019-11-22T22:35:04.222067,8549,False,1,1,0.0
21322113,44344,A - clean,448.06,2019-11-22T22:37:36.236178,97774,False,1,1,0.0
21322110,28487,A - clean,88.84,2019-11-22T22:44:04.135006,13772,False,1,1,0.0
21322109,14882,A - clean,248.82,2019-11-22T22:45:49.290032,7672,False,1,1,0.0
21322108,50883,A - clean,1256.52,2019-11-22T22:45:57.757154,18390,False,1,1,0.0
21322106,24328,A - clean,189.15,2019-11-22T22:49:38.637680,52603,False,1,1,0.0
21322103,12018,A - clean,1180.27,2019-11-22T22:58:08.470742,26765,False,1,1,0.0
21322101,36133,A - clean,129.29,2019-11-22T23:08:58.361696,15402,False,1,1,0.0
21322100,46951,A - clean,209.12,2019-11-22T23:12:54.909201,74433,False,1,1,0.0
21322099,81240,A - clean,216.23,2019-11-22T23:16:09.604366,38353,False,1,1,0.0
21322096,23008,A - clean,776.37,2019-11-22T23:22:03.561114,82370,False,1,1,0.0
21322095,30570,A - clean,110.75,2019-11-22T23:22:44.260918,49205,False,1,1,0.0
21322094,93109,A - clean,530.58,2019-11-22T23:36:45.665031,64372,False,1,1,0.0
21322093,64574,A - clean,267.49,2019-11-22T23:38:54.831733,15371,False,1,1,0.0
21322092,54965,A - clean,320.22,2019-11-22T23:40:59.840147,84699,False,1,1,0.0
21322091,44300,A - clean,179.38,2019-11-22T23:41:21.934673,29719,False,1,1,0.0
21322089,77048,A - clean,5.89,2019-11-22T23:50:22.264678,1613,False,1,1,0.0
21322088,35252,A - clean,312.01,2019-11-22T23:59:29.846129,29931,False,1,1,0.0
21322087,11805,A - clean,524.18,2019-11-23T00:02:03.394140,13239,False,1,1,0.0
21322085,71635,A - clean,755.41,2019-11-23T00:18:47.163955,93947,False,1,1,0.0
21322083,97129,A - clean,30.22,2019-11-23T00:23:12.758986,63050,False,1,1,0.0
21322082,59529,A - clean,302.63,2019-11-23T00:32:41.411377,85177,False,1,1,0.0
21322081,17664,A - clean,162.73,2019-11-23T00:34:50.037408,12878,False,1,1,0.0
21322080,47760,A - clean,5.3,2019-11-23T00:36:40.142870,63050,False,1,1,0.0
21322079,4447,A - clean,10.1,2019-11-23T00:47:30.828329,83294,False,1,1,0.0
21322077,58519,A - clean,826.47,2019-11-23T01:03:21.938267,86964,False,1,1,0.0
21322075,79167,A - clean,423.4,2019-11-23T01:20:57.217023,86011,False,1,2,0.0
21322074,83857,A - clean,307.32,2019-11-23T01:23:11.773114,84290,False,1,1,0.0
21322072,22202,A - clean,38.05,2019-11-23T01:32:28.987580,59856,False,1,1,0.0
21322071,42666,A - clean,85.4,2019-11-23T01:33:04.076208,77791,False,1,1,0.0
21322070,52866,A - clean,229.79,2019-11-23T01:35:52.510775,10226,False,1,1,0.0
21322068,46545,A - clean,32.89,2019-11-23T01:40:00.872132,2092,False,1,1,0.0
21322066,26891,A - clean,860.85,2019-11-23T01:42:36.631197,24335,False,1,1,0.0
21322065,81705,A - clean,1408.0,2019-11-23T01:42:52.789775,61935,False,1,1,0.0
21322060,8431,A - clean,279.17,2019-11-23T02:21:12.473419,17366,False,1,1,0.0
21322058,14499,A - clean,154.45,2019-11-23T02:27:21.921027,15842,False,1,1,0.0
21322057,67126,A - clean,12.18,2019-11-23T02:28:41.036945,29074,False,1,1,0.0
21322056,85776,A - clean,642.62,2019-11-23T02:34:12.893377,5525,False,1,1,0.0
21322053,5936,A - clean,157.41,2019-11-23T02:39:04.866131,15842,False,1,1,0.0
21322052,53254,A - clean,1307.94,2019-11-23T02:42:29.843953,47252,False,1,1,0.0
21322051,82218,A - clean,210.26,2019-11-23T02:49:54.028115,5388,False,1,1,0.0
21322049,57334,A - clean,2.52,2019-11-23T03:10:54.284142,10030,False,1,1,0.0
21322048,68751,A - clean,205.41,2019-11-23T04:46:51.465336,12197,False,1,1,0.0
21322047,80868,A - clean,35.3,2019-11-23T09:31:35.829369,63131,False,1,1,0.0
21322046,35422,A - clean,232.87,2019-11-23T09:54:23.362622,67952,False,1,1,0.0
21322045,72141,A - clean,1375.1,2019-11-23T10:06:10.516281,48056,False,1,1,0.0
21322044,68580,A - clean,1069.13,2019-11-23T10:21:29.496208,68953,False,1,1,0.0
21322043,25415,A - clean,2102.85,2019-11-23T11:20:55.759272,5868,False,1,1,0.0
21322042,52339,A - clean,1215.26,2019-11-23T11:26:23.967217,64493,False,1,1,0.0
21322041,99362,A - clean,2235.46,2019-11-23T11:42:33.347036,16793,False,1,1,0.0
21322040,1082,A - clean,3001.65,2019-11-23T11:42:52.398716,5832,False,1,1,0.0
21322039,49150,A - clean,397.59,2019-11-23T11:48:53.346771,98913,False,1,2,0.0
21322037,12779,A - clean,165.72,2019-11-23T11:49:29.489360,13767,False,1,1,0.0
21322035,15924,A - clean,542.45,2019-11-23T11:54:26.598205,84548,False,1,1,0.0
21322034,75531,A - clean,286.99,2019-11-23T11:57:18.722470,24688,False,1,1,0.0
21322033,44953,A - clean,297.76,2019-11-23T11:59:44.346327,80345,False,1,1,0.0
21322032,13898,A - clean,77.16,2019-11-23T12:04:05.652022,43938,False,1,1,0.0
21322031,343,A - clean,242.6,2019-11-23T12:06:17.682259,15842,False,1,1,0.0
21322030,45953,A - clean,559.62,2019-11-23T12:09:00.441769,92089,False,1,1,0.0
21322029,99663,A - clean,1064.28,2019-11-23T12:10:49.797712,72341,False,1,1,0.0
21322028,90607,A - clean,5.97,2019-11-23T12:18:06.366847,39967,False,1,1,0.0
21322027,83254,A - clean,1033.32,2019-11-23T12:24:42.694277,91013,False,1,1,0.0
21322026,57220,A - clean,253.19,2019-11-23T12:25:20.305442,16433,False,1,1,0.0
21322025,23495,A - clean,226.39,2019-11-23T12:38:42.970691,99021,False,1,1,0.0
21322021,98961,A - clean,715.95,2019-11-23T12:54:17.816255,80749,False,1,1,0.0
21322020,15554,A - clean,2700.04,2019-11-23T12:55:13.850251,56500,False,1,1,0.0
21322019,208,A - clean,3034.67,2019-11-23T13:00:53.469234,59804,False,1,1,0.0
21322018,3864,A - clean,1955.6,2019-11-23T13:02:39.568237,3659,False,1,1,0.0
21322017,62550,A - clean,266.6,2019-11-23T13:03:01.640252,86725,False,1,1,0.0
21322016,63198,A - clean,981.74,2019-11-23T13:03:32.662585,66172,False,1,1,0.0
21322015,62326,A - clean,2074.61,2019-11-23T13:04:51.337824,39967,False,1,1,0.0
21322014,95581,A - clean,295.72,2019-11-23T13:05:55.607820,4129,False,1,1,0.0
21322012,49508,A - clean,2059.37,2019-11-23T13:18:33.364413,37654,False,1,1,0.0
21322011,53657,A - clean,767.93,2019-11-23T13:26:33.620295,90924,False,1,1,0.0
21322009,33155,A - clean,205.06,2019-11-23T13:28:13.714769,82589,False,1,1,0.0
21322008,68893,A - clean,316.85,2019-11-23T13:31:57.803256,26765,False,1,1,0.0
21322007,54110,A - clean,1132.48,2019-11-23T13:32:14.909849,7569,False,1,1,0.0
21322006,44605,A - clean,1859.71,2019-11-23T13:33:02.740488,27356,False,1,1,0.0
21322005,18074,A - clean,3064.61,2019-11-23T13:33:36.292418,99588,False,1,1,0.0
21322004,44092,A - clean,255.48,2019-11-23T13:37:50.140530,69360,False,1,1,0.0
21322003,72983,A - clean,279.12,2019-11-23T13:39:37.513703,25921,False,1,1,0.0
21322002,74637,A - clean,1512.48,2019-11-23T13:44:13.004558,46008,False,1,1,0.0
21322001,97963,A - clean,391.84,2019-11-23T13:45:04.488147,99379,False,1,1,0.0
21322000,67794,A - clean,224.15,2019-11-23T13:45:22.115265,67321,False,1,1,0.0
21321999,46752,A - clean,282.92,2019-11-23T13:46:46.556985,65818,False,1,1,0.0
21321998,58974,A - clean,141.14,2019-11-23T13:50:39.738912,65866,False,1,1,0.0
21321997,49121,A - clean,222.15,2019-11-23T13:50:58.758108,93050,False,1,2,0.0
21321996,47105,A - clean,20.62,2019-11-23T13:54:46.741517,67371,False,1,1,0.0
21321995,52900,A - clean,20.65,2019-11-23T13:55:39.628550,50616,False,1,1,0.0
21321994,7623,A - clean,152.78,2019-11-23T13:57:13.567137,10940,False,1,1,0.0
21321993,10006,A - clean,210.23,2019-11-23T14:02:02.938086,42880,False,1,1,0.0
21321992,48486,A - clean,356.95,2019-11-23T14:03:59.195432,52663,False,1,1,0.0
21321991,30052,A - clean,2.53,2019-11-23T14:08:31.359563,91740,False,1,1,0.0
21321990,87132,A - clean,235.0,2019-11-23T14:08:38.815855,99379,False,1,1,0.0
21321989,54010,A - clean,365.89,2019-11-23T14:09:37.511624,7889,False,1,1,0.0
21321988,41736,A - clean,80.47,2019-11-23T14:11:33.838719,84548,False,1,1,0.0
21321987,52913,A - clean,899.44,2019-11-23T14:12:59.739797,5357,False,1,1,0.0
21321986,47571,A - clean,160.89,2019-11-23T14:13:34.766615,74369,False,1,1,0.0
21321985,34752,A - clean,209.67,2019-11-23T14:14:11.065514,3430,False,1,1,0.0
21321984,49150,A - clean,434.0,2019-11-23T14:14:40.357843,98913,False,1,2,0.0
21321983,86104,A - clean,445.31,2019-11-23T14:14:51.865481,2538,False,1,1,0.0
21321982,54917,A - clean,210.77,2019-11-23T14:19:08.056233,94643,False,1,1,0.0
21321981,70616,A - clean,270.02,2019-11-23T14:24:20.891822,24340,False,1,1,0.0
21321980,57270,A - clean,313.18,2019-11-23T14:24:54.450023,60884,False,1,1,0.0
21321979,37723,A - clean,544.27,2019-11-23T14:25:48.324603,92089,False,1,1,0.0
21321978,48426,A - clean,215.12,2019-11-23T14:26:04.354511,88862,False,1,2,0.0
21321977,48426,A - clean,242.21,2019-11-23T14:27:17.241083,88862,False,1,2,0.0
21321976,9624,A - clean,380.79,2019-11-23T14:30:28.003414,2054,False,1,1,0.0
21321975,49121,A - clean,253.68,2019-11-23T14:34:08.593921,93050,False,1,2,0.0
21321974,4798,A - clean,235.14,2019-11-23T14:38:21.445003,43076,False,1,2,0.0
21321973,38913,A - clean,1785.69,2019-11-23T14:40:12.255210,72120,False,1,1,0.0
21321972,12830,A - clean,2475.3,2019-11-23T14:42:18.165541,35333,False,1,1,0.0
21321971,15399,A - clean,421.87,2019-11-23T14:43:25.882761,60399,False,1,1,0.0
21321970,7149,A - clean,232.99,2019-11-23T14:44:37.875802,38131,False,1,1,0.0
21321969,34603,A - clean,45.22,2019-11-23T14:47:22.847082,34376,False,1,1,0.0
21321968,85678,A - clean,60.04,2019-11-23T14:50:15.444148,3028,False,1,1,0.0
21321967,48606,A - clean,425.84,2019-11-23T14:53:04.107288,40046,False,1,1,0.0
21321966,7994,A - clean,245.44,2019-11-23T14:57:37.650928,42178,False,1,1,0.0
21321965,42717,A - clean,263.94,2019-11-23T14:57:48.106805,74923,False,1,1,0.0
21321964,96382,A - clean,1173.94,2019-11-23T15:02:13.721040,78324,False,1,1,0.0
21321963,45739,A - clean,505.27,2019-11-23T15:02:38.247927,29910,False,1,1,0.0
21321962,30920,A - clean,496.86,2019-11-23T15:05:40.310027,35579,False,1,1,0.0
21321961,31753,A - clean,431.12,2019-11-23T15:09:24.409787,88164,False,1,1,0.0
21321960,26913,A - clean,181.31,2019-11-23T15:17:54.650500,97142,False,1,2,0.0
21321959,4001,A - clean,204.65,2019-11-23T15:20:08.709984,65767,False,1,1,0.0
21321958,93704,A - clean,80.17,2019-11-23T15:20:30.406669,9313,False,1,1,0.0
21321957,60849,A - clean,697.63,2019-11-23T15:20:45.520250,7285,False,1,1,0.0
21321956,17309,A - clean,55.61,2019-11-23T15:26:23.689786,49205,False,1,1,0.0
21321955,3043,A - clean,211.74,2019-11-23T15:27:40.012072,26765,False,1,1,0.0
21321954,3649,A - clean,919.25,2019-11-23T15:28:52.819876,39340,False,1,1,0.0
21321953,91380,A - clean,586.94,2019-11-23T15:31:38.248003,42170,False,1,1,0.0
21321952,43345,A - clean,172.92,2019-11-23T15:40:07.606544,99419,False,1,1,0.0
21321951,45943,A - clean,1762.54,2019-11-23T15:44:13.841743,56791,False,1,1,0.0
21321950,39508,A - clean,628.33,2019-11-23T15:44:36.761661,28103,False,1,1,0.0
21321949,53248,A - clean,425.67,2019-11-23T15:46:19.298887,29766,False,1,1,0.0
21321948,83179,A - clean,39.55,2019-11-23T15:47:11.974644,1657,False,1,1,0.0
21321947,80501,A - clean,355.4,2019-11-23T15:55:40.443116,81711,False,1,1,0.0
21321946,68159,A - clean,233.28,2019-11-23T15:58:09.782442,80749,False,1,1,0.0
21321945,98011,A - clean,5.17,2019-11-23T15:58:15.348550,82867,False,1,1,0.0
21321944,73872,A - clean,7.12,2019-11-23T16:02:52.023083,89769,False,1,1,0.0
21321943,84717,A - clean,186.71,2019-11-23T16:08:45.938227,49912,False,1,1,0.0
21321942,68914,A - clean,274.51,2019-11-23T16:11:52.408960,77233,False,1,1,0.0
21321941,55581,A - clean,16.97,2019-11-23T16:12:27.523738,46700,False,1,2,0.0
21321940,85610,A - clean,222.29,2019-11-23T16:12:34.390115,54959,False,1,1,0.0
21321938,70204,A - clean,2459.05,2019-11-23T16:13:43.631710,48833,False,1,1,0.0
21321937,57306,A - clean,265.99,2019-11-23T16:15:50.556509,46859,False,1,1,0.0
21321936,25067,A - clean,231.91,2019-11-23T16:16:42.771850,78654,False,1,1,0.0
21321935,15569,A - clean,271.03,2019-11-23T16:21:08.680198,26361,False,1,1,0.0
21321934,70906,A - clean,145.66,2019-11-23T16:26:56.354381,22777,False,1,1,0.0
21321933,73879,A - clean,484.01,2019-11-23T16:31:23.531148,85435,False,1,1,0.0
21321932,78477,A - clean,599.58,2019-11-23T16:34:43.174214,17348,False,1,1,0.0
21321930,47575,A - clean,542.9,2019-11-23T16:39:39.321234,10291,False,1,1,0.0
21321929,52658,A - clean,441.6,2019-11-23T16:40:02.636773,26247,False,1,1,0.0
21321928,59204,A - clean,190.03,2019-11-23T16:42:06.732770,24714,False,1,1,0.0
21321927,16241,A - clean,331.1,2019-11-23T16:42:30.137830,15014,False,1,1,0.0
21321926,71063,A - clean,295.67,2019-11-23T16:43:11.272586,80738,False,1,1,0.0
21321925,17640,A - clean,404.71,2019-11-23T16:43:53.169335,81229,False,1,1,0.0
21321924,6406,A - clean,747.49,2019-11-23T16:46:59.670929,5525,False,1,1,0.0
21321923,27576,A - clean,81.07,2019-11-23T16:49:17.137601,46837,False,1,1,0.0
21321922,95439,A - clean,1051.56,2019-11-23T16:50:02.600146,79547,False,1,1,0.0
21321921,22693,A - clean,60.1,2019-11-23T16:51:06.645016,4129,False,1,1,0.0
21321920,19190,A - clean,1527.91,2019-11-23T16:52:59.082069,5709,False,1,1,0.0
21321919,14561,A - clean,46.85,2019-11-23T16:53:23.480707,15315,False,1,1,0.0
21321917,10218,A - clean,1257.4,2019-11-23T16:59:39.885900,44336,False,1,1,0.0
21321916,48983,A - clean,1296.6,2019-11-23T17:04:55.997391,59117,False,1,1,0.0
21321915,90930,A - clean,236.45,2019-11-23T17:11:35.543074,65398,False,1,1,0.0
21321914,50603,A - clean,289.46,2019-11-23T17:14:52.052644,89802,False,1,1,0.0
21321913,48622,A - clean,836.05,2019-11-23T17:16:09.324569,40046,False,1,1,0.0
21321912,33867,A - clean,3413.51,2019-11-23T17:16:23.773774,34464,False,1,1,0.0
21321911,91210,A - clean,250.06,2019-11-23T17:19:15.427411,51575,False,1,1,0.0
21321910,56920,A - clean,562.96,2019-11-23T17:21:18.943451,71725,False,1,1,0.0
21321909,52311,A - clean,1706.32,2019-11-23T17:21:51.077815,3978,False,1,1,0.0
21321907,15673,A - clean,318.2,2019-11-23T17:23:34.119146,86210,False,1,1,0.0
21321906,34305,A - clean,287.96,2019-11-23T17:28:07.601201,80749,False,1,1,0.0
21321905,57356,A - clean,571.22,2019-11-23T17:29:57.712184,5310,False,1,1,0.0
21321904,52757,A - clean,687.71,2019-11-23T17:31:02.486244,82894,False,1,1,0.0
21321903,55974,A - clean,622.1,2019-11-23T17:31:15.721178,34122,False,1,1,0.0
21321902,40725,A - clean,277.47,2019-11-23T17:33:49.616636,83200,False,1,1,0.0
21321901,2159,A - clean,1013.95,2019-11-23T17:37:26.172177,36278,False,1,1,0.0
21321900,74112,A - clean,800.16,2019-11-23T17:41:25.984394,90572,False,1,1,0.0
21321899,5130,A - clean,264.87,2019-11-23T17:42:32.867678,81229,False,1,1,0.0
21321898,34335,A - clean,1172.49,2019-11-23T17:43:51.929234,52841,False,1,1,0.0
21321897,31893,A - clean,736.34,2019-11-23T17:49:55.738517,85691,False,1,1,0.0
21321895,77154,A - clean,2285.34,2019-11-23T17:51:58.501060,5963,False,1,1,0.0
21321894,12648,A - clean,279.5,2019-11-23T17:52:51.682367,93794,False,1,1,0.0
21321893,1268,A - clean,196.41,2019-11-23T17:55:58.054571,79698,False,1,1,0.0
21321892,58108,A - clean,590.29,2019-11-23T17:56:43.859733,66172,False,1,1,0.0
21321891,36654,A - clean,3329.54,2019-11-23T17:57:07.005272,78836,False,1,1,0.0
21321890,67558,A - clean,497.69,2019-11-23T17:58:09.791439,88815,False,1,1,0.0
21321888,52003,A - clean,264.85,2019-11-23T17:59:53.789957,24340,False,1,1,0.0
21321887,2868,A - clean,163.95,2019-11-23T18:02:34.503961,78042,False,1,1,0.0
21321886,67424,A - clean,521.34,2019-11-23T18:05:06.456587,49957,False,1,1,0.0
21321885,58717,A - clean,223.95,2019-11-23T18:09:21.214600,84100,False,1,1,0.0
21321884,4337,A - clean,30.92,2019-11-23T18:11:43.297256,76473,False,1,1,0.0
21321883,67903,A - clean,462.71,2019-11-23T18:12:39.447178,9363,False,1,2,0.0
21321882,67903,A - clean,300.86,2019-11-23T18:13:30.617539,9363,False,1,2,0.0
21321880,27011,A - clean,214.12,2019-11-23T18:16:48.592430,65919,False,1,1,0.0
21321879,81348,A - clean,163.93,2019-11-23T18:17:13.592909,59566,False,1,1,0.0
21321878,12070,A - clean,445.53,2019-11-23T18:18:43.840086,26765,False,1,1,0.0
21321877,20625,A - clean,842.55,2019-11-23T18:22:18.709136,85435,False,1,1,0.0
21321876,22151,A - clean,198.26,2019-11-23T18:28:05.052029,13772,False,1,1,0.0
21321875,44150,A - clean,263.45,2019-11-23T18:32:07.906803,37132,False,1,1,0.0
21321873,99863,A - clean,466.64,2019-11-23T18:36:15.424406,15718,False,1,1,0.0
21321872,94418,A - clean,299.9,2019-11-23T18:36:35.082488,36605,False,1,1,0.0
21321871,3345,A - clean,15.15,2019-11-23T18:37:54.362022,82576,False,1,1,0.0
21321870,72593,A - clean,91.96,2019-11-23T18:39:33.712508,5557,False,1,1,0.0
21321869,56384,A - clean,247.92,2019-11-23T18:42:38.624752,68578,False,1,1,0.0
21321868,19166,A - clean,305.85,2019-11-23T18:48:37.999961,44379,False,1,1,0.0
21321867,36053,A - clean,75.07,2019-11-23T18:52:46.800756,34597,False,1,1,0.0
21321866,52235,A - clean,202.54,2019-11-23T18:53:34.222630,82589,False,1,1,0.0
21321862,6213,A - clean,75.83,2019-11-23T18:58:50.780259,34597,False,1,1,0.0
21321861,59567,A - clean,854.48,2019-11-23T19:00:30.898786,22700,False,1,1,0.0
21321860,42978,A - clean,59.8,2019-11-23T19:01:49.570970,66884,False,1,1,0.0
21321859,12431,A - clean,1075.63,2019-11-23T19:03:04.304995,42476,False,1,1,0.0
21321858,72360,A - clean,507.56,2019-11-23T19:10:27.640738,42747,False,1,1,0.0
21321857,54072,A - clean,2361.68,2019-11-23T19:10:38.698744,96210,False,1,1,0.0
21321856,93170,A - clean,363.63,2019-11-23T19:14:22.462386,49205,False,1,1,0.0
21321855,70240,A - clean,85.07,2019-11-23T19:14:23.136835,96492,False,1,1,0.0
21321854,33756,A - clean,521.77,2019-11-23T19:15:15.946885,45289,False,1,1,0.0
21321853,12593,A - clean,2434.4,2019-11-23T19:15:33.643424,64329,False,1,1,0.0
21321852,21056,A - clean,325.31,2019-11-23T19:16:09.310488,36411,False,1,1,0.0
21321851,73848,A - clean,618.34,2019-11-23T19:16:52.030136,42178,False,1,1,0.0
21321850,57879,A - clean,1879.6,2019-11-23T19:17:35.427392,56163,False,1,1,0.0
21321849,89361,A - clean,727.07,2019-11-23T19:17:41.004147,20416,False,1,1,0.0
21321848,12689,A - clean,1003.6,2019-11-23T19:18:15.044273,16793,False,1,1,0.0
21321846,77388,A - clean,10.66,2019-11-23T19:21:08.060643,95302,False,1,1,0.0
21321844,78221,A - clean,91.27,2019-11-23T19:21:58.086247,5557,False,1,1,0.0
21321843,84102,A - clean,15.89,2019-11-23T19:22:18.500846,38783,False,1,1,0.0
21321842,16949,A - clean,558.54,2019-11-23T19:23:10.203014,82533,False,1,1,0.0
21321841,78734,A - clean,302.44,2019-11-23T19:24:51.829240,76291,False,1,1,0.0
21321840,75245,A - clean,160.58,2019-11-23T19:30:14.638963,21967,False,1,2,0.0
21321838,70507,A - clean,754.16,2019-11-23T19:35:34.099709,51046,False,1,1,0.0
21321837,69278,A - clean,404.05,2019-11-23T19:36:05.880688,58209,False,1,1,0.0
21321836,13080,A - clean,253.0,2019-11-23T19:37:15.507548,49205,False,1,1,0.0
21321835,21854,A - clean,1058.34,2019-11-23T19:40:01.904090,96015,False,1,1,0.0
21321833,93636,A - clean,1499.66,2019-11-23T19:49:40.675078,33173,False,1,1,0.0
21321832,54460,A - clean,369.34,2019-11-23T19:50:03.552257,38302,False,1,1,0.0
21321831,25123,A - clean,528.6,2019-11-23T19:52:48.782200,27633,False,1,1,0.0
21321830,72962,A - clean,576.11,2019-11-23T19:53:33.011623,93881,False,1,1,0.0
21321828,75245,A - clean,90.15,2019-11-23T19:59:12.919269,21967,False,1,2,0.0
21321827,64397,A - clean,10.47,2019-11-23T20:00:47.206028,88149,False,1,1,0.0
21321826,61917,A - clean,162.82,2019-11-23T20:01:20.696085,67952,False,1,1,0.0
21321825,39816,A - clean,60.1,2019-11-23T20:01:47.134135,97967,False,1,1,0.0
21321823,58171,A - clean,197.99,2019-11-23T20:02:53.403964,78601,False,1,1,0.0
21321820,61764,A - clean,203.02,2019-11-23T20:06:41.592233,35679,False,1,1,0.0
21321819,23970,A - clean,1619.31,2019-11-23T20:08:24.011531,7265,False,1,2,0.0
21321818,29015,A - clean,640.8,2019-11-23T20:13:55.075936,82533,False,1,1,0.0
21321817,71352,A - clean,547.48,2019-11-23T20:17:19.785299,41034,False,1,1,0.0
21321816,67117,A - clean,65.42,2019-11-23T20:18:38.607869,54218,False,1,1,0.0
21321815,89969,A - clean,89.76,2019-11-23T20:21:39.993784,10554,False,1,1,0.0
21321814,67982,A - clean,20.95,2019-11-23T20:23:16.269692,38410,False,1,1,0.0
21321813,9989,A - clean,142.67,2019-11-23T20:23:55.645046,87300,False,1,1,0.0
21321812,60229,A - clean,1278.63,2019-11-23T20:24:27.644363,90098,False,1,1,0.0
21321811,94982,A - clean,55.05,2019-11-23T20:26:23.546268,74369,False,1,1,0.0
21321810,98739,A - clean,178.93,2019-11-23T20:27:14.235769,88862,False,1,2,0.0
21321809,98739,A - clean,169.45,2019-11-23T20:28:07.504674,88862,False,1,2,0.0
21321808,20577,A - clean,203.92,2019-11-23T20:29:05.159320,12855,False,1,1,0.0
21321807,63930,A - clean,2264.67,2019-11-23T20:30:33.102489,54892,False,1,1,0.0
21321806,62430,A - clean,92.92,2019-11-23T20:30:46.538409,23582,False,1,1,0.0
21321805,5537,A - clean,4006.85,2019-11-23T20:39:27.950476,79266,False,1,2,0.0
21321804,91896,A - clean,334.51,2019-11-23T20:41:11.019977,17218,False,1,1,0.0
21321803,44942,A - clean,183.74,2019-11-23T20:44:36.010827,49205,False,1,1,0.0
21321801,59256,A - clean,219.38,2019-11-23T20:57:21.675027,29931,False,1,1,0.0
21321800,98869,A - clean,2624.09,2019-11-23T21:01:09.861212,16231,False,1,1,0.0
21321799,9328,A - clean,248.04,2019-11-23T21:02:52.351954,20953,False,1,1,0.0
21321798,31544,A - clean,2558.17,2019-11-23T21:07:15.879557,83242,False,1,1,0.0
21321797,23720,A - clean,30.45,2019-11-23T21:07:20.533295,92426,False,1,1,0.0
21321795,86733,A - clean,85.36,2019-11-23T21:16:06.875555,6880,False,1,1,0.0
21321794,99035,A - clean,195.36,2019-11-23T21:19:40.918325,59150,False,1,1,0.0
21321793,63395,A - clean,40.48,2019-11-23T21:20:28.811051,37712,False,1,1,0.0
21321792,82441,A - clean,237.31,2019-11-23T21:27:11.197031,95630,False,1,1,0.0
21321791,4798,A - clean,252.16,2019-11-23T21:28:17.515204,43076,False,1,2,0.0
21321790,95238,A - clean,1261.98,2019-11-23T21:28:54.382509,74774,False,1,1,0.0
21321789,47168,A - clean,440.89,2019-11-23T21:30:49.585065,78105,False,1,1,0.0
21321788,39905,A - clean,214.06,2019-11-23T21:33:00.384423,21168,False,1,1,0.0
21321787,95699,A - clean,301.13,2019-11-23T21:34:03.184442,10213,False,1,1,0.0
21321786,45705,A - clean,141.85,2019-11-23T21:34:20.874709,69790,False,1,1,0.0
21321785,45294,A - clean,90.28,2019-11-23T21:34:24.082403,40616,False,1,1,0.0
21321784,79803,A - clean,2368.94,2019-11-23T21:37:47.536988,32458,False,1,1,0.0
21321783,83599,A - clean,230.04,2019-11-23T21:57:07.635427,50004,False,1,1,0.0
21321782,96572,A - clean,207.2,2019-11-23T22:02:10.695664,48888,False,1,1,0.0
21321780,59064,A - clean,90.87,2019-11-23T22:03:55.345529,69713,False,1,1,0.0
21321779,45904,A - clean,3816.19,2019-11-23T22:04:37.400378,341,False,1,1,0.0
21321778,1085,A - clean,60.31,2019-11-23T22:05:20.231662,37760,False,1,1,0.0
21321777,32635,A - clean,272.75,2019-11-23T22:06:05.171704,9956,False,1,1,0.0
21321776,81437,A - clean,635.41,2019-11-23T22:08:27.799719,92089,False,1,1,0.0
21321774,51776,A - clean,503.12,2019-11-23T22:18:11.036788,14744,False,1,1,0.0
21321773,74686,A - clean,10.82,2019-11-23T22:31:15.170641,48732,False,1,1,0.0
21321772,98111,A - clean,482.76,2019-11-23T22:35:04.509522,80920,False,1,1,0.0
21321771,33262,A - clean,775.27,2019-11-23T22:39:38.764413,64979,False,1,1,0.0
21321770,11394,A - clean,169.99,2019-11-23T22:43:33.529033,23720,False,1,1,0.0
21321769,43116,A - clean,196.54,2019-11-23T22:47:29.481820,51133,False,1,1,0.0
21321768,9307,A - clean,189.44,2019-11-23T22:55:57.089849,42546,False,1,1,0.0
21321767,75991,A - clean,193.67,2019-11-23T23:02:48.414645,21168,False,1,1,0.0
21321766,36309,A - clean,2261.04,2019-11-23T23:05:02.327777,34433,False,1,1,0.0
21321765,41438,A - clean,302.73,2019-11-23T23:18:04.021574,9649,False,1,1,0.0
21321764,16429,A - clean,201.8,2019-11-23T23:27:35.617698,49205,False,1,1,0.0
21321763,57787,A - clean,452.47,2019-11-23T23:32:05.383165,57885,False,1,1,0.0
21321762,8031,A - clean,338.76,2019-11-23T23:32:17.128123,80307,False,1,1,0.0
21321761,77787,A - clean,339.34,2019-11-23T23:36:38.821835,49205,False,1,1,0.0
21321760,76954,A - clean,191.35,2019-11-23T23:40:47.818495,10261,False,1,1,0.0
21321759,98010,A - clean,889.39,2019-11-23T23:43:50.029077,55379,False,1,1,0.0
21321758,6627,A - clean,329.79,2019-11-23T23:44:53.762949,49205,False,1,1,0.0
21321756,67505,A - clean,187.16,2019-11-23T23:48:25.053707,98542,False,1,1,0.0
21321755,47634,A - clean,271.63,2019-11-23T23:49:29.206809,78105,False,1,1,0.0
21321753,58308,A - clean,575.31,2019-11-23T23:52:56.479052,49205,False,1,1,0.0
21321752,68740,A - clean,620.22,2019-11-23T23:56:10.911289,92089,False,1,1,0.0
21321751,85145,A - clean,541.66,2019-11-23T23:56:12.264045,84985,False,1,1,0.0
21321750,80013,A - clean,992.49,2019-11-23T23:57:27.077750,29386,False,1,1,0.0
21321749,55850,A - clean,180.39,2019-11-23T23:59:19.617316,5285,False,1,1,0.0
21321748,50689,A - clean,314.08,2019-11-24T00:00:06.336353,20302,False,1,1,0.0
21321747,72254,A - clean,70.71,2019-11-24T00:00:48.587358,37931,False,1,1,0.0
21321746,67698,A - clean,85.62,2019-11-24T00:34:49.385330,10297,False,1,1,0.0
21321745,6220,A - clean,2.14,2019-11-24T00:36:51.208710,89934,False,1,1,0.0
21321744,75508,A - clean,10.76,2019-11-24T00:37:22.686609,98272,False,1,1,0.0
21321743,41872,A - clean,176.71,2019-11-24T00:39:25.428598,95577,False,1,1,0.0
21321742,86651,A - clean,623.93,2019-11-24T00:49:32.158826,63111,False,1,1,0.0
21321741,69623,A - clean,202.61,2019-11-24T00:54:36.305210,5066,False,1,1,0.0
21321740,66642,A - clean,441.56,2019-11-24T00:55:57.718784,21223,False,1,1,0.0
21321739,82408,A - clean,10.3,2019-11-24T00:56:02.834136,2895,False,1,1,0.0
21321738,59201,A - clean,606.3,2019-11-24T00:57:11.496248,94544,False,1,1,0.0
21321737,73411,A - clean,791.06,2019-11-24T00:57:20.574255,21761,False,1,1,0.0
21321736,54926,A - clean,268.76,2019-11-24T01:01:13.450529,35140,False,1,1,0.0
21321735,82070,A - clean,40.88,2019-11-24T01:01:58.092125,96239,False,1,1,0.0
21321734,1526,A - clean,426.47,2019-11-24T01:08:18.505842,36311,False,1,1,0.0
21321731,12947,A - clean,1058.78,2019-11-24T01:22:15.136347,59110,False,1,1,0.0
21321730,18435,A - clean,99.94,2019-11-24T20:35:51.081960,88500,False,1,1,0.0
21321729,34150,A - clean,368.42,2019-11-24T20:35:54.086470,52378,False,1,1,0.0
21321728,80159,A - clean,258.68,2019-11-24T20:36:14.670713,51575,False,1,1,0.0
21321727,89465,A - clean,827.97,2019-11-24T20:36:23.979058,85323,False,1,1,0.0
21321726,81062,A - clean,1.39,2019-11-24T20:37:18.598506,11829,False,1,2,0.0
21321725,17500,A - clean,80.75,2019-11-24T20:43:36.140025,89525,False,1,1,0.0
21321724,64483,A - clean,70.44,2019-11-24T20:45:44.561778,89514,False,1,1,0.0
21321723,5203,A - clean,2526.12,2019-11-24T20:50:22.130440,29904,False,1,1,0.0
21321722,82357,A - clean,70.27,2019-11-24T20:50:25.125027,77988,False,1,1,0.0
21321720,39540,A - clean,120.89,2019-11-24T20:54:53.460629,51319,False,1,1,0.0
21321719,61949,A - clean,345.52,2019-11-24T20:57:39.331465,26765,False,1,1,0.0
21321717,95448,A - clean,1038.54,2019-11-24T21:01:34.733141,60813,False,1,1,0.0
21321716,10033,A - clean,94.06,2019-11-24T21:04:33.248889,70454,False,1,1,0.0
21321715,5537,A - clean,4008.79,2019-11-24T21:08:12.797194,79266,False,1,2,0.0
21321714,91811,A - clean,176.34,2019-11-24T21:08:13.860552,14427,False,1,1,0.0
21321711,42458,A - clean,3015.46,2019-11-24T21:16:09.331660,11471,False,1,1,0.0
21321710,99650,A - clean,5.01,2019-11-24T21:17:00.144461,29280,False,1,1,0.0
21321708,61575,A - clean,366.51,2019-11-24T21:35:02.057965,10703,False,1,1,0.0
21321707,29990,A - clean,70.53,2019-11-24T21:38:00.208438,98542,False,1,1,0.0
21321706,77001,A - clean,1493.42,2019-11-24T21:38:02.694319,83590,False,1,1,0.0
21321705,61443,A - clean,327.6,2019-11-24T21:40:44.441616,59033,False,1,1,0.0
21321704,84837,A - clean,80.17,2019-11-24T21:41:13.769507,82428,False,1,1,0.0
21321703,74040,A - clean,10.54,2019-11-24T21:49:57.089087,14939,False,1,1,0.0
21321702,1811,A - clean,289.08,2019-11-24T21:50:25.368055,85926,False,1,1,0.0
21321701,48310,A - clean,754.08,2019-11-24T21:53:47.281751,26403,False,1,1,0.0
21321700,73751,A - clean,15.56,2019-11-24T21:55:12.455071,81038,False,1,1,0.0
21321699,63646,A - clean,137.47,2019-11-24T21:57:09.398527,22918,False,1,1,0.0
21321698,99692,A - clean,248.24,2019-11-24T22:07:04.748525,47304,False,1,1,0.0
21321697,75487,A - clean,1426.75,2019-11-24T22:15:17.538877,82613,False,1,1,0.0
21321696,66724,A - clean,1718.58,2019-11-24T22:18:43.579880,62788,False,1,1,0.0
21321695,79901,A - clean,209.84,2019-11-24T22:42:27.680988,23720,False,1,1,0.0
21321694,55400,A - clean,252.07,2019-11-24T22:43:05.427961,29830,False,1,1,0.0
21321693,78815,A - clean,227.68,2019-11-24T22:50:15.207022,89808,False,1,1,0.0
21321692,42949,A - clean,116.73,2019-11-24T22:52:12.115950,5236,False,1,1,0.0
21321690,88396,A - clean,295.0,2019-11-24T23:14:58.283421,11883,False,1,1,0.0
21321689,23123,A - clean,156.29,2019-11-24T23:21:58.939046,60510,False,1,2,0.0
21321688,43454,A - clean,704.83,2019-11-25T00:04:17.592876,4869,False,1,1,0.0
21321686,3039,A - clean,166.75,2019-11-25T01:31:49.302404,63000,False,1,1,0.0
21321685,2244,A - clean,160.69,2019-11-25T01:55:44.108715,95339,False,1,1,0.0
21321684,46359,A - clean,480.53,2019-11-25T02:26:14.326866,41548,False,1,1,0.0
21321683,32229,A - clean,430.03,2019-11-25T02:28:59.035881,92980,False,1,1,0.0
21321682,33990,A - clean,3292.61,2019-11-25T03:01:15.091300,94325,False,1,1,0.0
21321681,98725,A - clean,544.97,2019-11-25T04:25:50.217245,76196,False,1,1,0.0
21321680,8615,A - clean,390.35,2019-11-25T09:42:49.096379,75874,False,1,1,0.0
21321679,37169,A - clean,72.28,2019-11-25T11:27:09.679864,56564,False,1,1,0.0
21321678,20191,A - clean,2431.18,2019-11-25T11:41:46.857667,84868,False,1,2,0.0
21321677,15293,A - clean,69.9,2019-11-25T12:03:48.084970,68565,False,1,1,0.0
21321673,41062,A - clean,268.52,2019-11-25T13:35:20.173573,10936,False,1,1,0.0
21321671,15629,A - clean,2701.08,2019-11-25T13:52:59.673908,85137,False,1,2,0.0
21321669,22844,A - clean,861.65,2019-11-25T14:06:05.524221,84947,False,1,1,0.0
21321668,70589,A - clean,185.51,2019-11-25T14:44:53.776313,90440,False,1,1,0.0
21321667,12525,A - clean,320.02,2019-11-25T15:27:28.981956,68396,False,1,1,0.0
21321664,4893,A - clean,1407.46,2019-11-25T15:59:32.896645,85528,False,1,1,0.0
21321663,65565,A - clean,251.74,2019-11-25T16:20:44.714010,78019,False,1,1,0.0
21321662,66500,A - clean,45.57,2019-11-25T16:42:32.075393,83225,False,1,1,0.0
21321661,97678,A - clean,25.17,2019-11-25T16:48:09.571874,40406,False,1,1,0.0
21321659,38480,A - clean,70.42,2019-11-25T17:17:38.444501,61211,False,1,1,0.0
21321655,25426,A - clean,534.81,2019-11-25T18:31:18.128774,75502,False,1,1,0.0
21321653,99948,A - clean,184.61,2019-11-25T19:29:58.020040,38964,False,1,1,0.0
21321652,72489,A - clean,186.98,2019-11-25T19:34:24.520397,50227,False,1,1,0.0
21321651,64645,A - clean,30.75,2019-11-25T20:49:12.870437,91707,False,1,1,0.0
21321650,69032,A - clean,715.28,2019-11-25T21:22:30.092505,15064,False,1,1,0.0
21321649,72739,A - clean,1557.05,2019-11-25T21:29:08.246067,86777,False,1,1,0.0
21321648,22096,A - clean,10.08,2019-11-25T21:50:46.880537,91446,False,1,1,0.0
21321647,3681,A - clean,89.0,2019-11-25T22:08:34.536175,6880,False,1,1,0.0
21321646,32678,A - clean,3449.01,2019-11-25T22:34:05.604479,5832,False,1,1,0.0
21321645,37427,A - clean,981.62,2019-11-25T22:34:18.749695,6317,False,1,1,0.0
21321644,84686,A - clean,1902.46,2019-11-25T22:57:38.324315,11858,False,1,1,0.0
21321643,67417,A - clean,330.84,2019-11-25T23:20:24.037399,19569,False,1,1,0.0
21321642,67967,A - clean,2280.7,2019-11-25T23:48:24.654146,20263,False,1,1,0.0
21321641,38822,A - clean,775.94,2019-11-25T23:52:38.558861,10030,False,1,1,0.0
21321640,59888,A - clean,649.91,2019-11-26T00:06:50.825294,88252,False,1,1,0.0
21321639,26386,A - clean,475.38,2019-11-26T00:20:27.334445,80849,False,1,1,0.0
21321638,70698,A - clean,757.65,2019-11-26T00:32:34.106790,50504,False,1,1,0.0
21321637,60680,A - clean,449.85,2019-11-26T00:42:07.000121,51381,False,1,1,0.0
21321636,33326,A - clean,1074.06,2019-11-26T01:08:16.936724,29744,False,1,2,0.0
21321635,69179,A - clean,18.41,2019-11-26T01:27:14.649780,76881,False,1,1,0.0
21321634,38299,A - clean,221.98,2019-11-26T03:07:08.147267,9222,False,1,1,0.0
21321633,90858,A - clean,20.68,2019-11-26T05:47:11.455900,38142,False,1,1,0.0
21321632,80385,A - clean,370.04,2019-11-26T10:42:23.482068,38755,False,1,1,0.0
21321631,10330,A - clean,521.84,2019-11-26T11:23:15.831870,91291,False,1,1,0.0
21321629,93688,A - clean,333.73,2019-11-26T11:36:57.003217,4927,False,1,1,0.0
21321628,2298,A - clean,290.11,2019-11-26T11:47:47.169845,52663,False,1,1,0.0
21321627,65049,A - clean,163.86,2019-11-26T11:54:01.195577,33158,False,1,1,0.0
21321626,51397,A - clean,286.32,2019-11-26T12:30:21.070347,28798,False,1,1,0.0
21321625,43689,A - clean,424.88,2019-11-26T12:38:43.172408,92417,False,1,1,0.0
21321624,73271,A - clean,878.49,2019-11-26T12:48:41.527559,92029,False,1,1,0.0
21321621,52201,A - clean,1958.23,2019-11-26T13:09:03.506599,14427,False,1,1,0.0
21321620,25167,A - clean,709.57,2019-11-26T13:11:30.446035,63705,False,1,1,0.0
21321619,31746,A - clean,488.89,2019-11-26T13:15:14.863135,84887,False,1,1,0.0
21321618,60985,A - clean,87.08,2019-11-26T13:20:36.629674,69319,False,1,1,0.0
21321617,15629,A - clean,625.75,2019-11-26T13:21:21.530084,85137,False,1,2,0.0
21321615,6645,A - clean,551.82,2019-11-26T13:35:32.507493,81229,False,1,1,0.0
21321614,28241,A - clean,242.6,2019-11-26T13:44:37.757516,16740,False,1,1,0.0
21321613,64451,A - clean,278.04,2019-11-26T13:49:40.629180,33044,False,1,1,0.0
21321612,17160,A - clean,282.34,2019-11-26T13:59:40.625730,19444,False,1,1,0.0
21321611,54123,A - clean,933.4,2019-11-26T14:00:34.937272,79503,False,1,1,0.0
21321609,77576,A - clean,624.26,2019-11-26T14:13:33.722594,95877,False,1,1,0.0
21321608,95146,A - clean,208.24,2019-11-26T14:16:03.403276,32213,False,1,1,0.0
21321607,62394,A - clean,40.93,2019-11-26T14:21:59.283301,79010,False,1,1,0.0
21321606,40010,A - clean,1499.66,2019-11-26T14:24:37.350840,37038,False,1,1,0.0
21321605,44835,A - clean,1518.14,2019-11-26T14:27:28.448452,81420,False,1,1,0.0
21321604,33764,A - clean,1125.47,2019-11-26T14:34:01.336622,28647,False,1,1,0.0
21321603,38289,A - clean,355.36,2019-11-26T14:41:38.910763,36324,False,1,1,0.0
21321602,17323,A - clean,5.4,2019-11-26T14:42:26.780671,97110,False,1,1,0.0
21321601,47677,A - clean,72.34,2019-11-26T14:48:25.121549,61481,False,1,1,0.0
21321600,22494,A - clean,3222.25,2019-11-26T14:55:41.602518,22855,False,1,1,0.0
21321599,4042,A - clean,1990.25,2019-11-26T15:00:18.104945,82594,False,1,1,0.0
21321598,55405,A - clean,30.53,2019-11-26T15:02:36.746667,34376,False,1,1,0.0
21321597,98489,A - clean,475.62,2019-11-26T15:14:01.651830,92928,False,1,1,0.0
21321596,72960,A - clean,194.06,2019-11-26T15:20:27.160820,36324,False,1,1,0.0
21321595,75682,A - clean,352.77,2019-11-26T15:26:21.325480,6189,False,1,1,0.0
21321594,16531,A - clean,75.06,2019-11-26T15:26:36.986719,34597,False,1,1,0.0
21321593,2503,A - clean,252.61,2019-11-26T15:33:45.305615,94198,False,1,1,0.0
21321592,37202,A - clean,885.75,2019-11-26T15:43:27.833881,33605,False,1,1,0.0
21321591,62974,A - clean,144.7,2019-11-26T15:46:14.105058,93354,False,1,1,0.0
21321590,47262,A - clean,698.72,2019-11-26T15:46:44.181242,18329,False,1,1,0.0
21321589,9116,A - clean,2085.01,2019-11-26T15:47:14.623465,43938,False,1,1,0.0
21321588,61610,A - clean,457.75,2019-11-26T15:59:17.279496,6495,False,1,1,0.0
21321587,41161,A - clean,1135.08,2019-11-26T15:59:37.102265,15017,False,1,1,0.0
21321586,28081,A - clean,754.5,2019-11-26T16:08:23.901590,79547,False,1,1,0.0
21321584,14213,A - clean,405.33,2019-11-26T16:11:29.505984,53501,False,1,1,0.0
21321583,69890,A - clean,912.85,2019-11-26T16:12:18.115480,99030,False,1,1,0.0
21321582,3698,A - clean,83.64,2019-11-26T16:14:57.574200,14686,False,1,1,0.0
21321581,88713,A - clean,217.19,2019-11-26T16:16:41.764125,67635,False,1,1,0.0
21321580,82700,A - clean,305.61,2019-11-26T16:17:47.187922,22605,False,1,1,0.0
21321578,11651,A - clean,75.35,2019-11-26T16:25:23.382705,72751,False,1,1,0.0
21321577,41578,A - clean,64.01,2019-11-26T16:26:08.514245,78379,False,1,1,0.0
21321576,48203,A - clean,65.67,2019-11-26T16:27:47.776553,52464,False,1,1,0.0
21321573,2810,A - clean,95.08,2019-11-26T16:42:08.685122,78379,False,1,1,0.0
21321572,88625,A - clean,80.46,2019-11-26T17:02:57.542262,11202,False,1,2,0.0
21321571,88625,A - clean,80.52,2019-11-26T17:04:23.573237,11202,False,1,2,0.0
21321570,86400,A - clean,206.04,2019-11-26T17:05:42.697422,78683,False,1,1,0.0
21321569,67681,A - clean,438.51,2019-11-26T17:11:43.656360,32895,False,1,1,0.0
21321568,80308,A - clean,80.03,2019-11-26T17:14:13.237767,22605,False,1,1,0.0
21321567,93999,A - clean,280.13,2019-11-26T17:23:00.634643,52663,False,1,1,0.0
21321566,57434,A - clean,319.48,2019-11-26T17:24:23.288244,7899,False,1,1,0.0
21321565,8979,A - clean,394.58,2019-11-26T17:28:23.074209,9363,False,1,1,0.0
21321564,66635,A - clean,27.36,2019-11-26T17:35:58.882868,46700,False,1,1,0.0
21321562,86620,A - clean,1834.23,2019-11-26T17:46:17.417852,15227,False,1,1,0.0
21321561,71104,A - clean,2103.56,2019-11-26T17:47:10.137087,70172,False,1,1,0.0
21321560,18277,A - clean,2222.47,2019-11-26T17:49:48.610087,29661,False,1,1,0.0
21321559,84435,A - clean,392.73,2019-11-26T17:52:32.385137,81250,False,1,1,0.0
21321558,62645,A - clean,80.41,2019-11-26T17:58:19.428944,19258,False,1,1,0.0
21321557,46249,A - clean,11.2,2019-11-26T18:09:09.856191,61382,False,1,1,0.0
21321556,43328,A - clean,200.72,2019-11-26T18:21:31.513971,3787,False,1,1,0.0
21321555,10337,A - clean,1373.24,2019-11-26T18:45:45.445940,82951,False,1,1,0.0
21321554,98169,A - clean,597.41,2019-11-26T18:54:43.895793,92089,False,1,1,0.0
21321551,42312,A - clean,252.33,2019-11-26T19:53:20.396858,74119,False,1,1,0.0
21321550,57206,A - clean,300.88,2019-11-26T20:16:41.575404,89514,False,1,1,0.0
21321549,41071,A - clean,455.7,2019-11-26T20:17:14.474880,73171,False,1,1,0.0
21321548,1620,A - clean,35.7,2019-11-26T20:18:22.366549,60418,False,1,1,0.0
21321545,79892,A - clean,89.19,2019-11-26T21:08:29.565446,10554,False,1,1,0.0
21321543,54243,A - clean,346.86,2019-11-26T21:22:26.376957,13827,False,1,1,0.0
21321541,87621,A - clean,89.04,2019-11-26T21:29:04.455691,98542,False,1,1,0.0
21321540,52716,A - clean,214.72,2019-11-26T21:38:30.746085,59566,False,1,1,0.0
21321538,37879,A - clean,105.84,2019-11-26T21:54:22.652240,33510,False,1,1,0.0
21321537,52488,A - clean,178.36,2019-11-26T21:54:45.797307,35601,False,1,1,0.0
21321536,81384,A - clean,39.39,2019-11-26T22:34:16.496231,54363,False,1,1,0.0
21321535,83560,A - clean,373.76,2019-11-26T22:40:47.264962,61211,False,1,1,0.0
21321534,59796,A - clean,145.51,2019-11-26T22:43:51.021736,23591,False,1,1,0.0
21321532,5736,A - clean,68.95,2019-11-26T23:02:11.154130,57964,False,1,1,0.0
21321531,15131,A - clean,456.08,2019-11-26T23:03:53.687993,82442,False,1,1,0.0
21321530,30207,A - clean,241.64,2019-11-26T23:16:36.111796,10297,False,1,1,0.0
21321529,21398,A - clean,261.1,2019-11-26T23:18:35.959610,89514,False,1,1,0.0
21321527,81247,A - clean,327.1,2019-11-26T23:26:13.079036,79326,False,1,1,0.0
21321526,53987,A - clean,80.13,2019-11-26T23:46:59.146484,77212,False,1,1,0.0
21321525,35492,A - clean,394.13,2019-11-27T00:04:27.232718,6475,False,1,1,0.0
21321523,700,A - clean,345.72,2019-11-27T00:19:20.793566,65,False,1,1,0.0
21321522,7117,A - clean,70.54,2019-11-27T00:22:27.959685,80282,False,1,1,0.0
21321521,76313,A - clean,262.49,2019-11-27T00:24:59.806550,50512,False,1,1,0.0
21321519,75921,A - clean,10.22,2019-11-27T00:34:04.709464,82557,False,1,1,0.0
21321518,55009,A - clean,61.78,2019-11-27T01:09:15.126965,86645,False,1,1,0.0
21321517,16657,A - clean,224.64,2019-11-27T01:24:01.693230,99730,False,1,2,0.0
21321516,52460,A - clean,168.27,2019-11-27T01:42:37.624471,7246,False,1,1,0.0
21321515,99974,A - clean,231.71,2019-11-27T10:22:14.348409,99298,False,1,1,0.0
21321514,88558,A - clean,90.17,2019-11-27T10:37:22.402502,7519,False,1,1,0.0
21321513,42450,A - clean,388.81,2019-11-27T11:09:13.863877,91223,False,1,1,0.0
21321512,32685,A - clean,99.2,2019-11-27T12:24:57.958162,8909,False,1,1,0.0
21321511,59053,A - clean,443.8,2019-11-27T12:36:06.652785,23781,False,1,1,0.0
21321510,10714,A - clean,5.46,2019-11-27T12:50:02.140837,65041,False,1,1,0.0
21321509,1759,A - clean,3859.52,2019-11-27T13:32:34.996185,54860,False,1,1,0.0
21321508,13111,A - clean,1937.33,2019-11-27T13:47:04.753940,7580,False,1,1,0.0
21321507,99110,A - clean,1566.04,2019-11-27T14:11:11.848972,38891,False,1,1,0.0
21321504,46680,A - clean,3759.65,2019-11-27T14:46:18.272855,12745,False,1,1,0.0
21321499,77526,A - clean,36.05,2019-11-27T15:19:01.171589,1356,False,1,1,0.0
21321498,42284,A - clean,269.58,2019-11-27T15:20:50.124730,55156,False,1,1,0.0
21321497,54212,A - clean,1604.21,2019-11-27T15:44:47.066388,30032,False,1,1,0.0
21321496,13748,A - clean,1978.94,2019-11-27T15:56:09.310467,15064,False,1,1,0.0
21321495,36857,A - clean,337.29,2019-11-27T15:56:17.333607,76926,False,1,1,0.0
21321493,50360,A - clean,988.32,2019-11-27T16:36:08.456945,69480,False,1,1,0.0
21321491,54468,A - clean,219.9,2019-11-27T16:41:18.328336,36146,False,1,1,0.0
21321489,16502,A - clean,209.74,2019-11-27T16:54:51.577774,92897,False,1,1,0.0
21321488,99173,A - clean,460.35,2019-11-27T17:01:07.234497,89453,False,1,1,0.0
21321484,42107,A - clean,752.64,2019-11-27T17:32:39.366231,62788,False,1,1,0.0
21321482,99122,A - clean,1896.39,2019-11-27T17:44:58.663339,29744,False,1,1,0.0
21321481,70648,A - clean,80.82,2019-11-27T17:47:29.673107,60526,False,1,1,0.0
21321480,86213,A - clean,351.41,2019-11-27T17:50:18.620441,14834,False,1,1,0.0
21321479,60321,A - clean,3049.39,2019-11-27T17:52:11.094007,15064,False,1,1,0.0
21321478,93546,A - clean,10.88,2019-11-27T18:24:21.193981,69117,False,1,1,0.0
21321475,92452,A - clean,312.17,2019-11-27T19:08:42.906750,70454,False,1,1,0.0
21321471,38627,A - clean,25.9,2019-11-27T19:46:41.632625,48784,False,1,1,0.0
21321468,28146,A - clean,110.95,2019-11-27T19:55:05.634493,76291,False,1,1,0.0
21321465,89608,A - clean,232.94,2019-11-27T20:08:17.220085,72784,False,1,1,0.0
21321464,89139,A - clean,393.54,2019-11-27T20:13:51.846976,40051,False,1,1,0.0
21321462,34175,A - clean,70.35,2019-11-27T20:36:17.270621,7626,False,1,1,0.0
21321461,23733,A - clean,393.71,2019-11-27T20:37:42.075887,981,False,1,1,0.0
21321459,9555,A - clean,192.63,2019-11-27T21:05:52.460604,73215,False,1,1,0.0
21321457,44680,A - clean,45.27,2019-11-27T21:41:50.371880,59799,False,1,1,0.0
21321454,74404,A - clean,845.55,2019-11-27T22:13:53.327280,91461,False,1,1,0.0
21321451,71234,A - clean,386.47,2019-11-27T22:37:13.387013,57939,False,1,1,0.0
21321445,28805,A - clean,5.65,2019-11-27T23:49:02.544896,23722,False,1,1,0.0
21321442,26913,A - clean,112.48,2019-11-28T00:11:18.460567,97142,False,1,2,0.0
21321441,33326,A - clean,1320.53,2019-11-28T00:11:44.026630,29744,False,1,2,0.0
21321440,64311,A - clean,98.41,2019-11-28T00:13:34.217527,7626,False,1,1,0.0
21321439,6939,A - clean,2041.62,2019-11-28T00:29:34.519338,41267,False,1,1,0.0
21321438,73700,A - clean,1896.51,2019-11-28T00:47:32.139661,13711,False,1,1,0.0
21321437,41351,A - clean,58.36,2019-11-28T00:48:54.583582,76196,False,1,1,0.0
21321436,32430,A - clean,2144.93,2019-11-28T00:49:15.806453,77343,False,1,1,0.0
21321435,22156,A - clean,361.54,2019-11-28T00:57:14.674782,18906,False,1,1,0.0
21321434,75782,A - clean,73.88,2019-11-28T01:14:34.701370,21156,False,1,1,0.0
21321432,80810,A - clean,358.35,2019-11-28T02:14:17.392641,99379,False,1,1,0.0
21321431,99354,A - clean,552.51,2019-11-28T02:20:19.616523,217,False,1,1,0.0
21321430,95034,A - clean,2226.28,2019-11-28T02:43:14.597341,18679,False,1,2,0.0
21321429,98939,A - clean,305.22,2019-11-28T02:51:35.772360,22905,False,1,1,0.0
21321428,95034,A - clean,426.44,2019-11-28T02:51:57.935225,18679,False,1,2,0.0
21321427,59456,A - clean,20.17,2019-11-28T03:24:36.311493,69297,False,1,2,0.0
21321425,4429,A - clean,10.92,2019-11-28T10:35:18.462307,72196,False,1,1,0.0
21321424,42194,A - clean,331.3,2019-11-28T10:59:23.519756,80904,False,1,1,0.0
21321423,25385,A - clean,4070.87,2019-11-28T11:27:22.259566,61529,False,1,2,0.0
21321422,12315,A - clean,749.07,2019-11-28T11:31:27.727480,73527,False,1,1,0.0
21321421,50068,A - clean,593.1,2019-11-28T11:47:38.395718,66442,False,1,1,0.0
21321420,2543,A - clean,131.75,2019-11-28T11:52:39.810271,24954,False,1,1,0.0
21321419,95445,A - clean,1220.15,2019-11-28T11:56:01.623555,29463,False,1,1,0.0
21321418,91446,A - clean,419.97,2019-11-28T12:19:04.336030,16544,False,1,1,0.0
21321417,49545,A - clean,973.01,2019-11-28T12:21:16.190409,69584,False,1,1,0.0
21321416,13286,A - clean,267.15,2019-11-28T12:25:28.965684,90035,False,1,1,0.0
21321415,32969,A - clean,637.83,2019-11-28T12:26:55.678907,69413,False,1,1,0.0
21321414,99523,A - clean,196.6,2019-11-28T12:34:09.238856,85072,False,1,1,0.0
21321413,11244,A - clean,366.79,2019-11-28T12:46:53.941727,22533,False,1,1,0.0
21321412,2251,A - clean,406.84,2019-11-28T12:55:52.617915,19569,False,1,1,0.0
21321411,163,A - clean,305.28,2019-11-28T13:00:17.797337,52663,False,1,1,0.0
21321410,12239,A - clean,311.94,2019-11-28T13:17:48.479247,90535,False,1,1,0.0
21321409,40150,A - clean,221.88,2019-11-28T13:18:31.035804,42178,False,1,1,0.0
21321408,6583,A - clean,992.07,2019-11-28T13:27:29.195470,52663,False,1,1,0.0
21321407,18576,A - clean,860.54,2019-11-28T13:30:23.479446,18044,False,1,1,0.0
21321405,67732,A - clean,234.13,2019-11-28T13:36:19.003522,6112,False,1,1,0.0
21321403,15834,A - clean,227.06,2019-11-28T13:39:40.886249,69319,False,1,1,0.0
21321401,73734,A - clean,184.93,2019-11-28T13:44:48.641596,71256,False,1,1,0.0
21321400,49918,A - clean,697.47,2019-11-28T13:45:46.664514,67598,False,1,1,0.0
21321399,77451,A - clean,1248.89,2019-11-28T13:46:35.998210,83294,False,1,1,0.0
21321398,1877,A - clean,286.75,2019-11-28T13:46:49.642736,13453,False,1,1,0.0
21321396,50407,A - clean,261.37,2019-11-28T13:52:27.043800,13772,False,1,1,0.0
21321395,13942,A - clean,130.83,2019-11-28T14:00:01.397671,50512,False,1,1,0.0
21321394,26277,A - clean,52.49,2019-11-28T14:03:41.146647,34799,False,1,1,0.0
21321393,81047,A - clean,1449.17,2019-11-28T14:04:41.043668,91013,False,1,1,0.0
21321392,60300,A - clean,95.61,2019-11-28T14:07:43.797471,70469,False,1,1,0.0
21321391,15762,A - clean,563.99,2019-11-28T14:09:13.075239,59566,False,1,1,0.0
21321390,91053,A - clean,641.35,2019-11-28T14:21:13.803747,5868,False,1,1,0.0
21321389,28404,A - clean,559.26,2019-11-28T14:27:45.342548,93711,False,1,1,0.0
21321388,79697,A - clean,411.01,2019-11-28T14:28:31.517725,18107,False,1,1,0.0
21321387,10449,A - clean,407.43,2019-11-28T14:36:34.757002,32895,False,1,1,0.0
21321385,54488,A - clean,825.65,2019-11-28T14:46:18.689753,24340,False,1,1,0.0
21321384,56249,A - clean,1212.32,2019-11-28T14:47:34.029495,37038,False,1,1,0.0
21321383,96029,A - clean,697.81,2019-11-28T14:48:35.332149,35398,False,1,1,0.0
21321381,4277,A - clean,423.33,2019-11-28T14:51:41.668002,5364,False,1,1,0.0
21321380,69885,A - clean,717.7,2019-11-28T14:55:09.317904,68350,False,1,1,0.0
21321379,55518,A - clean,192.7,2019-11-28T14:55:17.017370,24340,False,1,1,0.0
21321378,37317,A - clean,221.17,2019-11-28T14:55:17.026776,3617,False,1,1,0.0
21321377,47923,A - clean,295.88,2019-11-28T14:56:04.286798,14646,False,1,1,0.0
21321376,53990,A - clean,286.41,2019-11-28T14:57:35.836861,12331,False,1,1,0.0
21321375,24071,A - clean,163.86,2019-11-28T14:57:41.739700,73234,False,1,1,0.0
21321374,56410,A - clean,1234.6,2019-11-28T15:00:22.789163,21560,False,1,1,0.0
21321373,92163,A - clean,252.0,2019-11-28T15:00:27.623095,65919,False,1,1,0.0
21321372,47312,A - clean,276.85,2019-11-28T15:04:55.731910,90516,False,1,1,0.0
21321371,82864,A - clean,312.49,2019-11-28T15:09:59.356358,91318,False,1,1,0.0
21321370,14440,A - clean,1035.64,2019-11-28T15:12:22.742379,46835,False,1,1,0.0
21321369,73549,A - clean,1093.72,2019-11-28T15:12:53.252535,82894,False,1,1,0.0
21321368,47326,A - clean,319.27,2019-11-28T15:17:01.347937,78953,False,1,1,0.0
21321367,31333,A - clean,318.44,2019-11-28T15:19:13.883244,74770,False,1,1,0.0
21321366,78326,A - clean,1779.45,2019-11-28T15:24:54.830630,60920,False,1,1,0.0
21321365,3314,A - clean,784.02,2019-11-28T15:33:30.489099,17712,False,1,1,0.0
21321361,28115,A - clean,2486.16,2019-11-28T15:42:34.059573,62956,False,1,1,0.0
21321360,25445,A - clean,474.29,2019-11-28T15:43:18.675797,29620,False,1,1,0.0
21321359,45249,A - clean,1769.1,2019-11-28T15:45:40.755252,96803,False,1,1,0.0
21321358,1270,A - clean,423.59,2019-11-28T15:50:43.061859,69319,False,1,1,0.0
21321357,85267,A - clean,332.79,2019-11-28T15:50:56.209278,42178,False,1,2,0.0
21321356,61882,A - clean,436.51,2019-11-28T15:53:00.168082,4111,False,1,1,0.0
21321355,21166,A - clean,416.41,2019-11-28T15:57:39.132558,92170,False,1,1,0.0
21321354,57953,A - clean,80.33,2019-11-28T16:00:06.851612,7954,False,1,1,0.0
21321352,22727,A - clean,390.74,2019-11-28T16:01:33.887683,73987,False,1,1,0.0
21321350,74272,A - clean,267.73,2019-11-28T16:08:30.089487,73219,False,1,1,0.0
21321348,57800,A - clean,699.07,2019-11-28T16:11:44.642711,32895,False,1,1,0.0
21321347,48918,A - clean,172.02,2019-11-28T16:16:03.660314,15402,False,1,1,0.0
21321344,42452,A - clean,865.56,2019-11-28T16:24:48.029362,97685,False,1,1,0.0
21321343,84940,A - clean,4.31,2019-11-28T16:26:25.692591,38410,False,1,2,0.0
21321342,3120,A - clean,356.08,2019-11-28T16:29:39.281031,82589,False,1,1,0.0
21321341,72735,A - clean,1198.25,2019-11-28T16:40:03.811737,31810,False,1,1,0.0
21321339,98291,A - clean,270.76,2019-11-28T16:43:50.118202,86086,False,1,1,0.0
21321338,90074,A - clean,295.76,2019-11-28T16:43:59.751582,77434,False,1,1,0.0
21321337,18465,A - clean,57.96,2019-11-28T16:45:00.409877,27973,False,1,1,0.0
21321335,36860,A - clean,2666.96,2019-11-28T16:54:38.352600,39477,False,1,1,0.0
21321334,77276,A - clean,913.87,2019-11-28T16:55:53.036443,93881,False,1,1,0.0
21321333,27542,A - clean,90.1,2019-11-28T17:08:14.279651,50512,False,1,1,0.0
21321332,71122,A - clean,123.06,2019-11-28T17:09:38.843272,18381,False,1,1,0.0
21321331,32383,A - clean,89.01,2019-11-28T17:09:50.356710,4138,False,1,1,0.0
21321330,29270,A - clean,809.01,2019-11-28T17:11:33.419735,90032,False,1,1,0.0
21321328,50673,A - clean,463.33,2019-11-28T17:16:50.673420,85435,False,1,1,0.0
21321327,67927,A - clean,1115.2,2019-11-28T17:20:02.433145,72414,False,1,1,0.0
21321326,85565,A - clean,952.24,2019-11-28T17:20:11.037357,56451,False,1,2,0.0
21321324,85565,A - clean,963.35,2019-11-28T17:21:46.870600,56451,False,1,2,0.0
21321323,54133,A - clean,46.62,2019-11-28T17:23:04.794260,44229,False,1,1,0.0
21321322,87498,A - clean,1408.23,2019-11-28T17:23:31.225098,47759,False,1,1,0.0
21321321,61705,A - clean,444.26,2019-11-28T17:23:59.218177,93881,False,1,1,0.0
21321320,81062,A - clean,1.75,2019-11-28T17:24:18.352094,11829,False,1,2,0.0
21321319,85718,A - clean,1869.86,2019-11-28T17:24:42.086507,73417,False,1,1,0.0
21321318,75771,A - clean,4080.03,2019-11-28T17:30:08.316714,18493,False,1,1,0.0
21321317,54276,A - clean,1419.01,2019-11-28T17:33:46.687988,96052,False,1,1,0.0
21321315,96307,A - clean,362.25,2019-11-28T17:37:16.469466,60073,False,1,1,0.0
21321314,59812,A - clean,252.16,2019-11-28T17:41:22.965208,15275,False,1,1,0.0
21321313,87340,A - clean,11.3,2019-11-28T17:42:02.239766,62486,False,1,2,0.0
21321312,20641,A - clean,295.42,2019-11-28T17:42:55.228268,92029,False,1,1,0.0
21321311,82702,A - clean,274.23,2019-11-28T17:44:09.379497,87698,False,1,1,0.0
21321310,3442,A - clean,4034.56,2019-11-28T17:44:54.561463,64830,False,1,1,0.0
21321308,87340,A - clean,983.2,2019-11-28T17:45:30.232465,62486,False,1,2,0.0
21321307,13671,A - clean,282.5,2019-11-28T17:56:09.839454,7609,False,1,1,0.0
21321306,36730,A - clean,88.85,2019-11-28T17:58:22.059943,99083,False,1,1,0.0
21321305,6692,A - clean,1287.02,2019-11-28T17:59:14.010633,7264,False,1,1,0.0
21321304,41358,A - clean,75.23,2019-11-28T18:01:15.049464,924,False,1,1,0.0
21321303,36937,A - clean,647.7,2019-11-28T18:03:48.496546,53882,False,1,1,0.0
21321302,80024,A - clean,30.43,2019-11-28T18:04:20.969266,63945,False,1,1,0.0
21321301,73362,A - clean,2708.62,2019-11-28T18:04:35.698666,22011,False,1,1,0.0
21321300,79747,A - clean,2281.33,2019-11-28T18:04:50.292090,95110,False,1,1,0.0
21321299,12647,A - clean,517.16,2019-11-28T18:04:53.663149,94438,False,1,1,0.0
21321298,36652,A - clean,305.96,2019-11-28T18:08:06.183694,8203,False,1,1,0.0
21321297,54920,A - clean,1375.23,2019-11-28T18:08:34.007863,4741,False,1,1,0.0
21321296,84632,A - clean,226.21,2019-11-28T18:11:16.624750,12331,False,1,1,0.0
21321294,24463,A - clean,99.54,2019-11-28T18:15:34.249444,62836,False,1,1,0.0
21321293,69285,A - clean,261.9,2019-11-28T18:24:07.196964,93354,False,1,1,0.0
21321292,52917,A - clean,342.15,2019-11-28T18:26:25.003827,74770,False,1,1,0.0
21321291,99875,A - clean,191.08,2019-11-28T18:26:43.061020,29842,False,1,1,0.0
21321290,58148,A - clean,275.66,2019-11-28T18:27:42.909111,37229,False,1,1,0.0
21321289,3722,A - clean,3325.56,2019-11-28T18:28:59.575817,62494,False,1,1,0.0
21321288,87435,A - clean,385.4,2019-11-28T18:29:14.388827,32355,False,1,1,0.0
21321285,73794,A - clean,2050.25,2019-11-28T18:38:12.461830,8284,False,1,1,0.0
21321284,20101,A - clean,20.1,2019-11-28T18:41:27.160017,15187,False,1,1,0.0
21321283,55744,A - clean,1188.62,2019-11-28T18:42:32.488952,41809,False,1,1,0.0
21321281,37238,A - clean,830.64,2019-11-28T18:47:42.212505,90032,False,1,1,0.0
21321280,82361,A - clean,1.46,2019-11-28T18:48:06.609443,18675,False,1,2,0.0
21321279,9907,A - clean,52.56,2019-11-28T18:51:03.147953,37432,False,1,1,0.0
21321278,78247,A - clean,281.17,2019-11-28T18:53:56.893438,49719,False,1,1,0.0
21321277,21048,A - clean,2497.46,2019-11-28T18:54:23.447998,26765,False,1,2,0.0
21321276,46064,A - clean,2577.99,2019-11-28T19:00:23.284263,92464,False,1,1,0.0
21321275,80128,A - clean,343.66,2019-11-28T19:03:43.862899,47954,False,1,1,0.0
21321274,82744,A - clean,232.36,2019-11-28T19:04:42.788224,69825,False,1,1,0.0
21321273,244,A - clean,262.66,2019-11-28T19:08:12.611753,63621,False,1,1,0.0
21321272,74974,A - clean,458.39,2019-11-28T19:11:54.590377,35579,False,1,1,0.0
21321271,39068,A - clean,922.69,2019-11-28T19:15:10.438783,26765,False,1,1,0.0
21321269,97823,A - clean,566.03,2019-11-28T19:19:40.970986,37593,False,1,1,0.0
21321268,21048,A - clean,448.81,2019-11-28T19:21:29.046160,26765,False,1,2,0.0
21321267,61419,A - clean,598.91,2019-11-28T19:28:29.275616,56148,False,1,1,0.0
21321266,1423,A - clean,391.01,2019-11-28T19:30:23.105246,9550,False,1,1,0.0
21321265,15428,A - clean,295.4,2019-11-28T19:35:35.203784,48213,False,1,1,0.0
21321264,49378,A - clean,3079.11,2019-11-28T19:35:58.631721,25035,False,1,1,0.0
21321263,92556,A - clean,421.57,2019-11-28T19:36:41.242322,72565,False,1,1,0.0
21321262,6099,A - clean,167.75,2019-11-28T19:37:22.494669,63837,False,1,1,0.0
21321261,77171,A - clean,457.22,2019-11-28T19:38:18.483282,13029,False,1,1,0.0
21321260,89967,A - clean,95.58,2019-11-28T19:40:10.245328,19737,False,1,1,0.0
21321259,81955,A - clean,80.39,2019-11-28T19:43:47.186001,27762,False,1,1,0.0
21321257,72210,A - clean,60.95,2019-11-28T19:49:00.906383,64859,False,1,1,0.0
21321256,92559,A - clean,30.12,2019-11-28T19:49:33.826506,21386,False,1,1,0.0
21321255,44280,A - clean,80.36,2019-11-28T19:52:27.686049,95558,False,1,2,0.0
21321254,47350,A - clean,231.3,2019-11-28T19:54:58.973284,65386,False,1,1,0.0
21321252,54246,A - clean,520.77,2019-11-28T19:59:04.907287,72386,False,1,1,0.0
21321251,60822,A - clean,414.64,2019-11-28T19:59:29.331438,68875,False,1,1,0.0
21321249,82361,A - clean,1.92,2019-11-28T20:00:49.205644,18675,False,1,2,0.0
21321248,59180,A - clean,508.55,2019-11-28T20:06:56.282989,42178,False,1,1,0.0
21321247,26390,A - clean,10.24,2019-11-28T20:06:56.434788,18892,False,1,1,0.0
21321246,63847,A - clean,58.0,2019-11-28T20:06:56.796230,42319,False,1,1,0.0
21321245,63298,A - clean,10.58,2019-11-28T20:09:01.359574,3643,False,1,1,0.0
21321243,51512,A - clean,280.81,2019-11-28T20:10:32.309852,33952,False,1,1,0.0
21321242,75664,A - clean,225.69,2019-11-28T20:11:54.054324,37172,False,1,1,0.0
21321241,11125,A - clean,570.76,2019-11-28T20:12:15.018490,49205,False,1,1,0.0
21321240,76041,A - clean,192.44,2019-11-28T20:13:29.285987,82663,False,1,1,0.0
21321238,20052,A - clean,1065.44,2019-11-28T20:14:25.577862,36411,False,1,1,0.0
21321234,46999,A - clean,826.05,2019-11-28T20:24:10.073779,79561,False,1,1,0.0
21321233,75932,A - clean,192.1,2019-11-28T20:25:55.307952,38644,False,1,1,0.0
21321232,73752,A - clean,1216.75,2019-11-28T20:30:29.183432,69676,False,1,1,0.0
21321231,63503,A - clean,2790.46,2019-11-28T20:31:27.431592,13540,False,1,1,0.0
21321230,5288,A - clean,365.43,2019-11-28T20:31:35.558387,4242,False,1,2,0.0
21321229,44266,A - clean,316.06,2019-11-28T20:33:32.715377,40095,False,1,1,0.0
21321228,5288,A - clean,99.3,2019-11-28T20:34:22.311322,4242,False,1,2,0.0
21321225,85430,A - clean,330.95,2019-11-28T20:42:42.434134,6495,False,1,1,0.0
21321224,54923,A - clean,368.46,2019-11-28T20:44:56.884168,16146,False,1,1,0.0
21321223,6333,A - clean,70.41,2019-11-28T20:50:41.198761,30365,False,1,1,0.0
21321222,8718,A - clean,167.8,2019-11-28T20:54:07.368175,35140,False,1,1,0.0
21321220,32799,A - clean,268.38,2019-11-28T20:58:16.010525,24812,False,1,1,0.0
21321218,82659,A - clean,177.08,2019-11-28T21:05:48.529271,57925,False,1,1,0.0
21321217,85649,A - clean,87.85,2019-11-28T21:07:07.798770,52464,False,1,1,0.0
21321214,11038,A - clean,18.87,2019-11-28T21:17:23.314305,388,False,1,1,0.0
21321213,69078,A - clean,890.53,2019-11-28T21:21:56.249855,27089,False,1,1,0.0
21321211,57150,A - clean,193.86,2019-11-28T21:27:47.574741,57964,False,1,1,0.0
21321209,94895,A - clean,378.46,2019-11-28T21:29:48.148714,78654,False,1,1,0.0
21321208,15915,A - clean,50.02,2019-11-28T21:30:30.109085,72386,False,1,1,0.0
21321207,26146,A - clean,257.07,2019-11-28T21:33:33.423561,13772,False,1,1,0.0
21321204,85053,A - clean,321.97,2019-11-28T21:36:29.234679,42178,False,1,2,0.0
21321202,8535,A - clean,177.36,2019-11-28T21:41:26.737394,7246,False,1,1,0.0
21321201,2395,A - clean,1007.56,2019-11-28T21:42:36.906910,24487,False,1,1,0.0
21321199,89839,A - clean,177.29,2019-11-28T21:47:51.993468,64167,False,1,1,0.0
21321198,85053,A - clean,417.66,2019-11-28T21:48:43.594917,42178,False,1,2,0.0
21321195,55926,A - clean,78.18,2019-11-28T21:58:33.284743,80787,False,1,1,0.0
21321194,92604,A - clean,449.43,2019-11-28T22:01:54.187529,28265,False,1,1,0.0
21321193,3942,A - clean,192.63,2019-11-28T22:08:43.286160,25471,False,1,1,0.0
21321191,43510,A - clean,282.97,2019-11-28T22:11:52.378463,93881,False,1,1,0.0
21321190,99168,A - clean,709.25,2019-11-28T22:14:23.178673,80345,False,1,1,0.0
21321189,36008,A - clean,685.63,2019-11-28T22:16:17.391116,2126,False,1,1,0.0
21321187,30198,A - clean,25.64,2019-11-28T22:30:28.114049,51575,False,1,1,0.0
21321186,96627,A - clean,544.04,2019-11-28T22:30:42.101165,52717,False,1,1,0.0
21321185,10749,A - clean,773.11,2019-11-28T22:41:16.268609,23459,False,1,1,0.0
21321184,93327,A - clean,439.03,2019-11-28T22:42:22.404308,48524,False,1,1,0.0
21321183,67843,A - clean,1339.22,2019-11-28T22:46:39.674978,29140,False,1,1,0.0
21321181,45616,A - clean,5.96,2019-11-28T22:51:41.905052,94493,False,1,1,0.0
21321179,32617,A - clean,571.31,2019-11-28T23:05:03.756067,72386,False,1,1,0.0
21321178,97622,A - clean,2214.59,2019-11-28T23:05:28.475895,79362,False,1,1,0.0
21321177,50599,A - clean,621.42,2019-11-28T23:18:35.205233,42812,False,1,1,0.0
21321176,13967,A - clean,525.33,2019-11-28T23:18:42.051822,28785,False,1,1,0.0
21321175,22753,A - clean,355.2,2019-11-28T23:18:42.497571,47759,False,1,1,0.0
21321173,69300,A - clean,1218.91,2019-11-28T23:24:04.812533,91446,False,1,1,0.0
21321172,7928,A - clean,1111.5,2019-11-28T23:25:54.828844,61353,False,1,1,0.0
21321171,68764,A - clean,911.26,2019-11-28T23:27:02.587306,36218,False,1,1,0.0
21321170,82158,A - clean,1661.58,2019-11-28T23:30:34.980057,43410,False,1,1,0.0
21321169,17119,A - clean,423.57,2019-11-28T23:31:13.635007,45421,False,1,1,0.0
21321168,50622,A - clean,228.9,2019-11-28T23:33:53.574478,40332,False,1,1,0.0
21321166,35907,A - clean,346.12,2019-11-28T23:37:10.042440,35610,False,1,2,0.0
21321164,70403,A - clean,1094.79,2019-11-28T23:42:56.961687,7960,False,1,1,0.0
21321163,42211,A - clean,195.7,2019-11-28T23:45:28.852724,44229,False,1,1,0.0
21321161,86832,A - clean,80.3,2019-11-28T23:50:39.086563,56857,False,1,1,0.0
21321160,57385,A - clean,324.85,2019-11-28T23:51:36.791178,42178,False,1,1,0.0
21321151,83153,A - clean,347.29,2019-11-29T00:10:22.194988,50185,False,1,1,0.0
21321150,27079,A - clean,139.96,2019-11-29T00:13:05.146158,44037,False,1,1,0.0
21321148,92320,A - clean,936.96,2019-11-29T00:14:27.192553,81292,False,1,1,0.0
21321145,82487,A - clean,548.78,2019-11-29T00:28:44.852512,20959,False,1,1,0.0
21321144,10576,A - clean,198.36,2019-11-29T00:54:33.034696,60884,False,1,1,0.0
21321141,34692,A - clean,524.03,2019-11-29T01:11:57.890368,84929,False,1,1,0.0
21321140,34479,A - clean,328.26,2019-11-29T01:13:08.136447,88417,False,1,1,0.0
21321139,45693,A - clean,955.83,2019-11-29T01:14:48.686321,81291,False,1,1,0.0
21321137,30270,A - clean,15.74,2019-11-29T01:21:34.776003,79381,False,1,1,0.0
21321135,28839,A - clean,1005.25,2019-11-29T01:36:02.717593,6756,False,1,1,0.0
21321134,68638,A - clean,3503.52,2019-11-29T01:39:41.717940,97178,False,1,1,0.0
21321124,30381,A - clean,503.59,2019-11-29T03:12:13.966349,89407,False,1,1,0.0
21321123,80305,A - clean,88.18,2019-11-29T03:16:22.161963,80021,False,1,1,0.0
21321120,6467,A - clean,592.44,2019-11-29T03:39:45.829742,38970,False,1,1,0.0
21321119,50512,A - clean,251.63,2019-11-29T03:42:07.835548,74754,False,1,1,0.0
21321118,951,A - clean,161.35,2019-11-29T04:05:08.548268,18795,False,1,1,0.0
21321117,93183,A - clean,337.43,2019-11-29T04:06:05.672574,93050,False,1,1,0.0
21321116,54947,A - clean,471.17,2019-11-29T09:48:43.506857,32384,False,1,1,0.0
21321115,83247,A - clean,2065.89,2019-11-29T10:05:18.808073,40376,False,1,1,0.0
21321114,52954,A - clean,295.51,2019-11-29T10:21:11.019448,63016,False,1,1,0.0
21321113,56794,A - clean,312.33,2019-11-29T10:31:38.680195,65465,False,1,1,0.0
21321112,96941,A - clean,5.85,2019-11-29T10:33:35.370443,53644,False,1,1,0.0
21321111,54067,A - clean,613.09,2019-11-29T10:40:15.910922,99799,False,1,1,0.0
21321110,35869,A - clean,415.89,2019-11-29T10:58:07.592807,61644,False,1,1,0.0
21321109,11306,A - clean,395.36,2019-11-29T11:19:48.012723,24340,False,1,1,0.0
21321108,21221,A - clean,1894.88,2019-11-29T11:31:14.215075,81115,False,1,1,0.0
21321105,99211,A - clean,20.16,2019-11-29T11:45:14.131184,18046,False,1,1,0.0
21321104,66201,A - clean,421.73,2019-11-29T11:48:03.519197,39528,False,1,1,0.0
21321102,25361,A - clean,835.19,2019-11-29T11:49:34.493259,23256,False,1,1,0.0
21321101,15601,A - clean,131.35,2019-11-29T11:51:40.375943,56403,False,1,1,0.0
21321100,46441,A - clean,487.01,2019-11-29T11:52:31.417704,56451,False,1,1,0.0
21321099,62824,A - clean,954.88,2019-11-29T11:57:24.175375,19569,False,1,1,0.0
21321098,88336,A - clean,689.08,2019-11-29T12:00:01.269189,7626,False,1,1,0.0
21321097,62608,A - clean,218.32,2019-11-29T12:03:26.690181,86534,False,1,1,0.0
21321096,79636,A - clean,332.47,2019-11-29T12:20:19.313579,95105,False,1,1,0.0
21321094,95000,A - clean,10.73,2019-11-29T12:27:59.098886,74499,False,1,1,0.0
21321093,40884,A - clean,842.11,2019-11-29T12:40:57.581279,65779,False,1,1,0.0
21321092,4750,A - clean,12.19,2019-11-29T12:44:32.714063,14518,False,1,1,0.0
21321089,17358,A - clean,301.15,2019-11-29T12:58:16.635883,74754,False,1,1,0.0
21321088,28518,A - clean,4067.9,2019-11-29T13:02:57.328217,72057,False,1,2,0.0
21321087,47570,A - clean,38.95,2019-11-29T13:03:01.357375,13772,False,1,1,0.0
21321085,69528,A - clean,1635.06,2019-11-29T13:09:20.563734,85250,False,1,1,0.0
21321084,97197,A - clean,693.92,2019-11-29T13:12:27.267431,53417,False,1,1,0.0
21321083,68987,A - clean,152.64,2019-11-29T13:15:43.050862,78727,False,1,1,0.0
21321082,54976,A - clean,4078.8,2019-11-29T13:16:16.106153,15676,False,1,1,0.0
21321081,51896,A - clean,593.04,2019-11-29T13:17:13.859473,78306,False,1,1,0.0
21321080,86925,A - clean,1146.17,2019-11-29T13:24:36.477693,91446,False,1,1,0.0
21321079,50964,A - clean,80.58,2019-11-29T13:27:37.950866,46006,False,1,1,0.0
21321077,77562,A - clean,214.7,2019-11-29T13:32:37.338867,18149,False,1,1,0.0
21321076,43747,A - clean,90.41,2019-11-29T13:33:57.978454,80160,False,1,1,0.0
21321075,64595,A - clean,1848.5,2019-11-29T13:35:15.254290,15944,False,1,1,0.0
21321074,68255,A - clean,9.18,2019-11-29T13:35:24.252881,88613,False,1,1,0.0
21321073,11880,A - clean,1283.33,2019-11-29T13:40:31.571367,65919,False,1,1,0.0
21321072,76281,A - clean,291.67,2019-11-29T13:40:32.667272,47302,False,1,1,0.0
21321071,66495,A - clean,20.87,2019-11-29T13:40:53.087691,58773,False,1,1,0.0
21321070,27854,A - clean,260.22,2019-11-29T13:42:03.490591,52663,False,1,1,0.0
21321069,97417,A - clean,443.24,2019-11-29T13:45:54.893271,57935,False,1,1,0.0
21321068,1747,A - clean,242.2,2019-11-29T13:49:20.771713,40728,False,1,1,0.0
21321067,19385,A - clean,100.71,2019-11-29T13:49:47.970084,35601,False,1,2,0.0
21321066,41684,A - clean,637.87,2019-11-29T13:51:51.059216,80345,False,1,1,0.0
21321065,25385,A - clean,4043.96,2019-11-29T13:53:13.284000,61529,False,1,2,0.0
21321064,19385,A - clean,100.7,2019-11-29T13:59:57.382971,35601,False,1,2,0.0
21321063,86094,A - clean,1277.28,2019-11-29T14:05:53.017931,91446,False,1,1,0.0
21321062,18611,A - clean,75.86,2019-11-29T14:12:24.617090,13767,False,1,1,0.0
21321061,27073,A - clean,1112.69,2019-11-29T14:13:56.614237,43700,False,1,1,0.0
21321060,85199,A - clean,2383.34,2019-11-29T14:16:25.037494,48276,False,1,1,0.0
21321059,13417,A - clean,3087.71,2019-11-29T14:19:07.543935,24295,False,1,1,0.0
21321056,63096,A - clean,2076.23,2019-11-29T14:26:13.353410,43816,False,1,2,0.0
21321055,2204,A - clean,215.1,2019-11-29T14:34:07.618550,31761,False,1,1,0.0
21321054,16913,A - clean,666.98,2019-11-29T14:34:13.153971,54288,False,1,1,0.0
21321053,45350,A - clean,359.57,2019-11-29T14:34:39.358170,24340,False,1,1,0.0
21321052,91765,A - clean,66.85,2019-11-29T14:36:45.043236,90853,False,1,1,0.0
21321051,39367,A - clean,1048.91,2019-11-29T14:38:09.339188,79911,False,1,1,0.0
21321050,49135,A - clean,253.16,2019-11-29T14:38:48.637968,921,False,1,1,0.0
21321049,1233,A - clean,413.65,2019-11-29T14:42:10.070016,35379,False,1,1,0.0
21321048,71828,A - clean,591.12,2019-11-29T14:44:01.106458,6674,False,1,1,0.0
21321047,70213,A - clean,30.29,2019-11-29T14:44:27.260566,35530,False,1,1,0.0
21321046,86931,A - clean,72.98,2019-11-29T14:48:20.069620,38513,False,1,1,0.0
21321045,14358,A - clean,293.08,2019-11-29T14:51:03.869391,71121,False,1,1,0.0
21321044,92391,A - clean,468.71,2019-11-29T14:55:41.824042,82983,False,1,1,0.0
21321042,33270,A - clean,438.07,2019-11-29T15:04:49.565424,94371,False,1,1,0.0
21321041,49679,A - clean,243.11,2019-11-29T15:05:41.873583,12010,False,1,1,0.0
21321040,56539,A - clean,3506.8,2019-11-29T15:11:32.965284,23327,False,1,1,0.0
21321039,59001,A - clean,609.62,2019-11-29T15:12:41.936115,86032,False,1,1,0.0
21321038,29500,A - clean,317.15,2019-11-29T15:13:25.520343,12299,False,1,1,0.0
21321037,29363,A - clean,261.37,2019-11-29T15:13:44.126362,41537,False,1,1,0.0
21321036,95684,A - clean,572.82,2019-11-29T15:17:57.687666,29214,False,1,1,0.0
21321035,27027,A - clean,25.45,2019-11-29T15:18:31.797546,12942,False,1,1,0.0
21321034,27161,A - clean,199.44,2019-11-29T15:21:06.492694,94035,False,1,1,0.0
21321033,46745,A - clean,196.73,2019-11-29T15:29:05.830456,4131,False,1,1,0.0
21321032,7019,A - clean,209.73,2019-11-29T15:29:48.271988,38964,False,1,1,0.0
21321031,25127,A - clean,444.69,2019-11-29T15:30:12.698641,88540,False,1,1,0.0
21321025,70555,A - clean,1541.16,2019-11-29T15:38:47.433041,27089,False,1,1,0.0
21321024,56145,A - clean,310.16,2019-11-29T15:41:23.976533,72751,False,1,1,0.0
21321023,48419,A - clean,216.42,2019-11-29T15:41:33.911040,921,False,1,1,0.0
21321021,46771,A - clean,268.42,2019-11-29T15:50:32.039587,94249,False,1,1,0.0
21321020,71021,A - clean,918.45,2019-11-29T15:51:45.765323,59220,False,1,1,0.0
21321019,3524,A - clean,424.73,2019-11-29T15:57:06.570483,90035,False,1,1,0.0
21321017,87447,A - clean,338.14,2019-11-29T16:08:38.474882,97967,False,1,1,0.0
21321016,93483,A - clean,380.51,2019-11-29T16:11:59.985891,26576,False,1,1,0.0
21321015,71877,A - clean,3612.97,2019-11-29T16:12:08.732948,71406,False,1,1,0.0
21321014,34904,A - clean,798.11,2019-11-29T16:12:57.678283,44822,False,1,1,0.0
21321013,87978,A - clean,460.82,2019-11-29T16:13:32.661651,89161,False,1,1,0.0
21321012,81496,A - clean,201.17,2019-11-29T16:15:31.010232,34597,False,1,1,0.0
21321010,34497,A - clean,956.86,2019-11-29T16:18:59.038882,7956,False,1,1,0.0
21321009,59456,A - clean,1603.24,2019-11-29T16:19:02.891008,69297,False,1,2,0.0
21321007,153,A - clean,1413.49,2019-11-29T16:21:44.370055,29744,False,1,1,0.0
21321006,71560,A - clean,928.04,2019-11-29T16:22:55.418476,28212,False,1,1,0.0
21321005,9486,A - clean,97.25,2019-11-29T16:25:21.682745,53360,False,1,1,0.0
21321003,57809,A - clean,202.29,2019-11-29T16:31:55.381714,18137,False,1,1,0.0
21321000,23943,A - clean,852.75,2019-11-29T16:36:24.448368,90032,False,1,1,0.0
21320998,92469,A - clean,2238.67,2019-11-29T16:38:21.225163,86197,False,1,1,0.0
21320997,31622,A - clean,473.35,2019-11-29T16:38:52.194109,6112,False,1,1,0.0
21320996,20998,A - clean,2.71,2019-11-29T16:38:54.593473,11962,False,1,1,0.0
21320995,24339,A - clean,272.9,2019-11-29T16:42:35.453535,67952,False,1,1,0.0
21320993,43666,A - clean,1109.45,2019-11-29T16:52:04.727096,91446,False,1,1,0.0
21320992,34231,A - clean,628.06,2019-11-29T16:52:39.876728,36455,False,1,1,0.0
21320991,79386,A - clean,285.29,2019-11-29T16:53:04.858281,53881,False,1,1,0.0
21320990,85274,A - clean,307.06,2019-11-29T16:54:51.892845,41891,False,1,1,0.0
21320989,74744,A - clean,1928.83,2019-11-29T16:58:26.478236,98040,False,1,1,0.0
21320988,54080,A - clean,182.96,2019-11-29T16:59:41.269839,56403,False,1,1,0.0
21320987,71391,A - clean,523.59,2019-11-29T17:01:12.538122,63453,False,1,1,0.0
21320986,89464,A - clean,132.98,2019-11-29T17:06:44.457369,76519,False,1,1,0.0
21320985,7962,A - clean,2026.25,2019-11-29T17:08:01.774599,88390,False,1,1,0.0
21320984,2975,A - clean,657.94,2019-11-29T17:10:03.104358,71725,False,1,1,0.0
21320983,29573,A - clean,193.63,2019-11-29T17:13:58.728256,80160,False,1,1,0.0
21320982,18126,A - clean,178.0,2019-11-29T17:14:12.124648,67635,False,1,1,0.0
21320979,31269,A - clean,270.88,2019-11-29T17:21:12.322680,79123,False,1,1,0.0
21320978,41092,A - clean,250.98,2019-11-29T17:22:11.012114,92029,False,1,1,0.0
21320976,71366,A - clean,741.65,2019-11-29T17:25:14.172402,92057,False,1,1,0.0
21320974,47431,A - clean,376.67,2019-11-29T17:37:09.528985,82750,False,1,1,0.0
21320973,14859,A - clean,193.62,2019-11-29T17:37:45.035123,92301,False,1,1,0.0
21320972,44188,A - clean,478.8,2019-11-29T17:37:58.643508,59021,False,1,1,0.0
21320971,81375,A - clean,1025.78,2019-11-29T17:40:07.835303,9397,False,1,1,0.0
21320969,94276,A - clean,537.21,2019-11-29T17:42:06.929967,24340,False,1,1,0.0
21320968,3664,A - clean,3293.04,2019-11-29T17:42:12.723191,88949,False,1,1,0.0
21320966,42233,A - clean,2261.6,2019-11-29T17:45:09.589413,16420,False,1,1,0.0
21320964,49071,A - clean,558.17,2019-11-29T17:48:37.097270,22533,False,1,1,0.0
21320961,22767,A - clean,534.03,2019-11-29T17:53:04.590616,93330,False,1,1,0.0
21320959,89333,A - clean,919.89,2019-11-29T18:00:41.239100,34566,False,1,1,0.0
21320958,27686,A - clean,294.22,2019-11-29T18:02:48.780875,26647,False,1,1,0.0
21320957,18745,A - clean,3051.21,2019-11-29T18:05:13.358075,43387,False,1,1,0.0
21320956,87094,A - clean,223.31,2019-11-29T18:06:24.183930,31960,False,1,1,0.0
21320955,5078,A - clean,80.66,2019-11-29T18:06:45.967286,46157,False,1,1,0.0
21320954,58195,A - clean,774.89,2019-11-29T18:13:42.831481,29744,False,1,1,0.0
21320953,136,A - clean,2543.0,2019-11-29T18:18:03.840585,49909,False,1,1,0.0
21320952,14542,A - clean,318.76,2019-11-29T18:22:10.596410,66875,False,1,1,0.0
21320951,35542,A - clean,1900.98,2019-11-29T18:22:23.660234,13314,False,1,1,0.0
21320950,52022,A - clean,426.68,2019-11-29T18:24:20.176740,25978,False,1,1,0.0
21320949,40499,A - clean,289.78,2019-11-29T18:25:16.696674,22605,False,1,1,0.0
21320948,68688,A - clean,215.43,2019-11-29T18:25:29.049366,18276,False,1,1,0.0
21320945,24625,A - clean,509.7,2019-11-29T18:31:45.556170,13551,False,1,2,0.0
21320944,92131,A - clean,447.95,2019-11-29T18:34:32.928127,68151,False,1,1,0.0
21320942,95579,A - clean,629.16,2019-11-29T18:34:53.743745,52359,False,1,1,0.0
21320939,4389,A - clean,1951.54,2019-11-29T18:43:57.410742,37339,False,1,1,0.0
21320938,11234,A - clean,1335.5,2019-11-29T18:44:27.645494,51744,False,1,1,0.0
21320937,94646,A - clean,59.62,2019-11-29T18:45:50.978946,83283,False,1,1,0.0
21320935,76468,A - clean,245.57,2019-11-29T18:48:15.784645,12247,False,1,1,0.0
21320934,82907,A - clean,2322.49,2019-11-29T18:54:17.957891,57420,False,1,1,0.0
21320933,17296,A - clean,2399.7,2019-11-29T18:56:25.682016,25580,False,1,1,0.0
21320932,9666,A - clean,444.21,2019-11-29T18:57:39.354871,50512,False,1,1,0.0
21320930,30578,A - clean,1022.83,2019-11-29T19:02:46.795966,217,False,1,1,0.0
21320929,39708,A - clean,224.6,2019-11-29T19:06:10.411096,13852,False,1,1,0.0
21320928,48141,A - clean,1299.58,2019-11-29T19:07:36.922736,6596,False,1,1,0.0
21320927,28690,A - clean,249.51,2019-11-29T19:11:26.509019,59566,False,1,1,0.0
21320926,30237,A - clean,188.17,2019-11-29T19:14:56.980188,40095,False,1,1,0.0
21320925,83990,A - clean,59.68,2019-11-29T19:16:29.208695,15503,False,1,1,0.0
21320924,95428,A - clean,1144.71,2019-11-29T19:19:58.435459,26868,False,1,1,0.0
21320923,65917,A - clean,380.88,2019-11-29T19:21:18.129459,67786,False,1,1,0.0
21320921,77564,A - clean,265.2,2019-11-29T19:22:25.068083,33044,False,1,1,0.0
21320920,813,A - clean,893.03,2019-11-29T19:24:53.865569,24714,False,1,1,0.0
21320919,23151,A - clean,445.43,2019-11-29T19:26:02.487402,58892,False,1,1,0.0
21320918,5398,A - clean,574.83,2019-11-29T19:30:36.886352,18007,False,1,1,0.0
21320915,82539,A - clean,1564.85,2019-11-29T19:43:52.352598,29681,False,1,1,0.0
21320914,97702,A - clean,381.96,2019-11-29T19:44:19.483552,3972,False,1,1,0.0
21320913,97777,A - clean,637.67,2019-11-29T19:48:58.023657,29168,False,1,1,0.0
21320912,16052,A - clean,1093.13,2019-11-29T19:51:38.059895,72680,False,1,1,0.0
21320911,80618,A - clean,602.6,2019-11-29T19:55:53.824453,83125,False,1,1,0.0
21320910,96594,A - clean,178.87,2019-11-29T19:57:17.044741,79123,False,1,1,0.0
21320909,4509,A - clean,931.9,2019-11-29T19:57:33.719209,18046,False,1,1,0.0
21320908,89278,A - clean,502.18,2019-11-29T19:57:42.973048,16069,False,1,1,0.0
21320906,91179,A - clean,865.68,2019-11-29T20:02:25.736835,3822,False,1,1,0.0
21320905,35882,A - clean,2439.3,2019-11-29T20:05:49.207698,26130,False,1,1,0.0
21320904,7683,A - clean,367.19,2019-11-29T20:07:37.889946,37651,False,1,1,0.0
21320902,93989,A - clean,211.89,2019-11-29T20:08:54.819177,2436,False,1,1,0.0
21320901,16367,A - clean,337.7,2019-11-29T20:09:43.966412,81433,False,1,1,0.0
21320900,83791,A - clean,2441.37,2019-11-29T20:14:00.661799,4282,False,1,1,0.0
21320898,86759,A - clean,2.66,2019-11-29T20:16:47.998918,9626,False,1,1,0.0
21320897,66496,A - clean,3609.07,2019-11-29T20:17:03.961842,65951,False,1,1,0.0
21320896,54339,A - clean,272.36,2019-11-29T20:17:28.580304,35601,False,1,1,0.0
21320895,89678,A - clean,687.02,2019-11-29T20:21:56.586034,23396,False,1,1,0.0
21320894,88476,A - clean,23.3,2019-11-29T20:25:32.151234,63113,False,1,1,0.0
21320893,72080,A - clean,10.69,2019-11-29T20:27:25.781221,22415,False,1,1,0.0
21320892,65439,A - clean,1474.12,2019-11-29T20:33:50.318364,99711,False,1,1,0.0
21320891,26557,A - clean,2578.9,2019-11-29T20:37:47.299545,22244,False,1,1,0.0
21320890,29529,A - clean,24.23,2019-11-29T20:43:29.963577,83636,False,1,1,0.0
21320889,59367,A - clean,302.93,2019-11-29T20:47:48.717489,44229,False,1,1,0.0
21320887,25791,A - clean,545.39,2019-11-29T20:55:22.409556,5015,False,1,1,0.0
21320884,73138,A - clean,70.02,2019-11-29T21:00:30.159583,86534,False,1,1,0.0
21320883,40278,A - clean,156.45,2019-11-29T21:01:57.373840,71684,False,1,1,0.0
21320882,22309,A - clean,28.23,2019-11-29T21:03:08.929123,9842,False,1,1,0.0
21320877,79378,A - clean,3059.48,2019-11-29T21:10:04.904716,24295,False,1,1,0.0
21320876,87437,A - clean,234.72,2019-11-29T21:17:07.385053,42178,False,1,1,0.0
21320875,95241,A - clean,2356.24,2019-11-29T21:22:11.075636,62818,False,1,1,0.0
21320874,35960,A - clean,248.39,2019-11-29T21:24:33.733035,9978,False,1,1,0.0
21320873,20963,A - clean,10.16,2019-11-29T21:28:29.923614,69515,False,1,1,0.0
21320871,55317,A - clean,2150.65,2019-11-29T21:31:18.535856,39535,False,1,1,0.0
21320869,11867,A - clean,211.5,2019-11-29T21:48:58.619108,88242,False,1,1,0.0
21320868,31481,A - clean,180.9,2019-11-29T21:51:05.229655,6112,False,1,1,0.0
21320867,87379,A - clean,587.8,2019-11-29T21:51:25.866856,32287,False,1,1,0.0
21320862,44038,A - clean,412.64,2019-11-29T22:07:37.031734,46581,False,1,1,0.0
21320861,38561,A - clean,1792.78,2019-11-29T22:13:08.566020,7580,False,1,1,0.0
21320858,46180,A - clean,803.06,2019-11-29T22:33:51.537926,53565,False,1,1,0.0
21320857,19566,A - clean,799.1,2019-11-29T22:36:22.599276,18046,False,1,1,0.0
21320856,17211,A - clean,187.29,2019-11-29T22:37:33.561542,59287,False,1,1,0.0
21320855,20193,A - clean,421.84,2019-11-29T22:45:09.760510,56451,False,1,1,0.0
21320852,66012,A - clean,961.8,2019-11-29T22:59:38.182439,13928,False,1,1,0.0
21320850,45949,A - clean,1431.56,2019-11-29T23:07:47.617375,42075,False,1,1,0.0
21320847,54583,A - clean,212.77,2019-11-29T23:12:56.471620,41634,False,1,1,0.0
21320842,19335,A - clean,136.36,2019-11-29T23:30:16.809470,38455,False,1,1,0.0
21320841,23340,A - clean,1386.43,2019-11-29T23:30:26.669396,69413,False,1,1,0.0
21320839,34194,A - clean,552.49,2019-11-29T23:38:52.422262,43387,False,1,1,0.0
21320837,96387,A - clean,3438.37,2019-11-29T23:51:30.063602,58938,False,1,1,0.0
21320835,42447,A - clean,40.15,2019-11-29T23:59:34.754976,44529,False,1,1,0.0
21320834,89216,A - clean,2016.7,2019-11-29T23:59:48.264296,92835,False,1,1,0.0
21320833,30248,A - clean,10.17,2019-11-30T00:01:02.379395,52088,False,1,1,0.0
21320831,64204,A - clean,75.93,2019-11-30T00:02:59.660132,34597,False,1,1,0.0
21320830,4047,A - clean,321.04,2019-11-30T00:05:20.519306,53842,False,1,1,0.0
21320829,30130,A - clean,243.97,2019-11-30T00:05:33.867267,19612,False,1,1,0.0
21320828,75310,A - clean,230.49,2019-11-30T00:08:02.544543,29140,False,1,1,0.0
21320827,43473,A - clean,1156.08,2019-11-30T00:08:28.824505,33528,False,1,1,0.0
21320826,11899,A - clean,329.07,2019-11-30T00:09:09.950867,44229,False,1,1,0.0
21320825,79309,A - clean,324.95,2019-11-30T00:11:00.199740,96294,False,1,1,0.0
21320824,89755,A - clean,486.3,2019-11-30T00:13:32.853641,43078,False,1,1,0.0
21320822,13772,A - clean,554.26,2019-11-30T00:16:12.918151,42760,False,1,1,0.0
21320821,48246,A - clean,275.34,2019-11-30T00:19:55.162474,43771,False,1,1,0.0
21320819,16262,A - clean,3679.41,2019-11-30T00:22:02.458759,21036,False,1,1,0.0
21320818,43631,A - clean,523.43,2019-11-30T00:25:03.495578,35174,False,1,1,0.0
21320816,84146,A - clean,199.87,2019-11-30T00:33:28.447190,55986,False,1,1,0.0
21320815,7161,A - clean,164.39,2019-11-30T00:43:24.905580,49542,False,1,1,0.0
21320811,71710,A - clean,454.38,2019-11-30T00:58:05.801270,67468,False,1,1,0.0
21320810,65759,A - clean,486.09,2019-11-30T01:13:28.944905,89757,False,1,1,0.0
21320809,56087,A - clean,3.33,2019-11-30T01:13:41.677432,1535,False,1,1,0.0
21320808,79167,A - clean,678.81,2019-11-30T01:18:10.394666,86011,False,1,2,0.0
21320807,46361,A - clean,244.8,2019-11-30T01:19:37.822148,66440,False,1,1,0.0
21320806,18174,A - clean,129.69,2019-11-30T01:30:03.731857,60884,False,1,1,0.0
21320805,76046,A - clean,354.0,2019-11-30T01:39:54.741739,87081,False,1,1,0.0
21320804,62119,A - clean,157.85,2019-11-30T01:46:30.482577,25271,False,1,1,0.0
21320802,13816,A - clean,2100.32,2019-11-30T02:06:56.342472,96751,False,1,1,0.0
21320798,82466,A - clean,241.4,2019-11-30T02:34:54.226261,41034,False,1,1,0.0
21320797,92415,A - clean,143.04,2019-11-30T02:42:36.874820,8576,False,1,1,0.0
21320794,59208,A - clean,12.33,2019-11-30T03:16:05.904127,82676,False,1,1,0.0
21320793,97390,A - clean,174.52,2019-11-30T03:20:14.971010,77791,False,1,1,0.0
21320792,60084,A - clean,868.08,2019-11-30T03:35:24.774264,90032,False,1,1,0.0
21320789,53810,A - clean,179.77,2019-11-30T09:56:47.618879,46666,False,1,1,0.0
21320788,132,A - clean,714.56,2019-11-30T10:36:29.122871,64192,False,1,1,0.0
21320787,53577,A - clean,348.85,2019-11-30T10:59:25.192809,88540,False,1,1,0.0
21320786,3601,A - clean,638.86,2019-11-30T11:35:55.768954,4477,False,1,1,0.0
21320785,54673,A - clean,242.23,2019-11-30T11:38:30.443977,77233,False,1,1,0.0
21320783,75809,A - clean,1201.27,2019-11-30T11:53:52.836612,84191,False,1,1,0.0
21320782,18626,A - clean,768.39,2019-11-30T11:57:19.607955,89161,False,1,1,0.0
21320780,34342,A - clean,331.64,2019-11-30T12:14:24.030183,51350,False,1,1,0.0
21320779,58022,A - clean,1166.81,2019-11-30T12:15:29.190351,22552,False,1,1,0.0
21320777,99203,A - clean,334.84,2019-11-30T12:31:21.321228,82113,False,1,1,0.0
21320775,45276,A - clean,274.5,2019-11-30T12:41:50.050240,9842,False,1,1,0.0
21320774,77955,A - clean,192.68,2019-11-30T12:47:17.609024,99419,False,1,1,0.0
21320773,10043,A - clean,1390.16,2019-11-30T12:58:30.769493,59577,False,1,1,0.0
21320772,13050,A - clean,238.04,2019-11-30T13:04:56.665307,59324,False,1,1,0.0
21320771,80438,A - clean,300.09,2019-11-30T13:06:48.112298,96239,False,1,1,0.0
21320770,61136,A - clean,155.71,2019-11-30T13:07:10.358104,90855,False,1,1,0.0
21320769,5949,A - clean,1138.13,2019-11-30T13:07:34.565956,47252,False,1,1,0.0
21320768,68196,A - clean,40.8,2019-11-30T13:12:07.504353,28336,False,1,1,0.0
21320767,28518,A - clean,700.8,2019-11-30T13:17:37.302766,72057,False,1,2,0.0
21320766,14764,A - clean,2528.98,2019-11-30T13:23:01.500375,63160,False,1,1,0.0
21320765,5121,A - clean,1061.14,2019-11-30T13:36:25.937578,32810,False,1,1,0.0
21320764,59902,A - clean,851.91,2019-11-30T13:37:12.432821,94544,False,1,2,0.0
21320763,37099,A - clean,1369.08,2019-11-30T13:38:51.614005,28933,False,1,1,0.0
21320762,42129,A - clean,546.47,2019-11-30T13:40:39.729238,74702,False,1,1,0.0
21320761,70824,A - clean,307.02,2019-11-30T13:46:18.782360,29418,False,1,1,0.0
21320760,39624,A - clean,90.42,2019-11-30T13:46:22.183747,63526,False,1,1,0.0
21320758,93256,A - clean,354.87,2019-11-30T13:59:22.391781,29744,False,1,1,0.0
21320757,23970,A - clean,333.83,2019-11-30T14:00:11.548765,7265,False,1,2,0.0
21320756,33933,A - clean,1001.42,2019-11-30T14:04:26.462577,73915,False,1,1,0.0
21320755,55544,A - clean,2001.97,2019-11-30T14:05:39.962507,84546,False,1,2,0.0
21320754,46455,A - clean,395.74,2019-11-30T14:07:26.292631,48812,False,1,1,0.0
21320753,85614,A - clean,1594.58,2019-11-30T14:10:14.021412,81731,False,1,1,0.0
21320752,17990,A - clean,199.96,2019-11-30T14:12:47.407647,24902,False,1,1,0.0
21320750,77678,A - clean,293.13,2019-11-30T14:17:30.147225,25471,False,1,1,0.0
21320749,87399,A - clean,552.58,2019-11-30T14:19:06.369184,22921,False,1,1,0.0
21320748,59902,A - clean,1928.6,2019-11-30T14:19:30.729321,94544,False,1,2,0.0
21320746,93786,A - clean,293.99,2019-11-30T14:26:05.006710,84159,False,1,1,0.0
21320745,94889,A - clean,1557.21,2019-11-30T14:32:07.018481,93881,False,1,1,0.0
21320744,9925,A - clean,565.24,2019-11-30T14:32:32.102643,23457,False,1,1,0.0
21320743,43347,A - clean,179.51,2019-11-30T14:36:16.541316,46214,False,1,1,0.0
21320742,79350,A - clean,320.92,2019-11-30T14:37:00.388019,29418,False,1,1,0.0
21320741,84613,A - clean,35.07,2019-11-30T14:40:49.974953,13766,False,1,1,0.0
21320740,72783,A - clean,21.88,2019-11-30T14:41:28.662547,95630,False,1,1,0.0
21320739,14684,A - clean,726.92,2019-11-30T14:43:53.622377,76856,False,1,1,0.0
21320738,69680,A - clean,2024.94,2019-11-30T14:45:43.561663,5636,False,1,1,0.0
21320737,53385,A - clean,333.64,2019-11-30T14:46:02.393350,65760,False,1,1,0.0
21320734,96538,A - clean,60.14,2019-11-30T14:53:01.516578,13767,False,1,1,0.0
21320732,56104,A - clean,751.51,2019-11-30T14:55:16.766179,6293,False,1,1,0.0
21320731,93027,A - clean,277.22,2019-11-30T14:56:00.435909,13767,False,1,1,0.0
21320730,82790,A - clean,266.78,2019-11-30T14:58:39.337453,56464,False,1,1,0.0
21320728,29890,A - clean,1273.51,2019-11-30T15:08:10.831140,67282,False,1,1,0.0
21320724,69137,A - clean,295.05,2019-11-30T15:10:13.069603,97967,False,1,1,0.0
21320722,39903,A - clean,791.67,2019-11-30T15:18:46.571808,97631,False,1,1,0.0
21320720,66157,A - clean,278.1,2019-11-30T15:25:26.572342,31960,False,1,2,0.0
21320719,57945,A - clean,330.05,2019-11-30T15:27:52.937859,97967,False,1,1,0.0
21320717,22317,A - clean,1149.83,2019-11-30T15:37:51.167269,22118,False,1,1,0.0
21320716,75316,A - clean,201.05,2019-11-30T15:42:40.440609,63113,False,1,1,0.0
21320715,20002,A - clean,464.62,2019-11-30T15:42:40.450561,92029,False,1,1,0.0
21320713,67546,A - clean,254.48,2019-11-30T15:44:18.443978,88500,False,1,1,0.0
21320712,7407,A - clean,266.67,2019-11-30T15:44:51.962816,82589,False,1,1,0.0
21320711,44075,A - clean,248.57,2019-11-30T15:47:08.701839,48752,False,1,1,0.0
21320709,99090,A - clean,352.25,2019-11-30T15:55:19.518835,3779,False,1,1,0.0
21320708,11611,A - clean,809.71,2019-11-30T15:56:08.257445,60849,False,1,1,0.0
21320707,88826,A - clean,85.59,2019-11-30T15:59:38.573864,81537,False,1,1,0.0
21320706,24919,A - clean,390.07,2019-11-30T16:04:28.469739,31309,False,1,1,0.0
21320705,15901,A - clean,78.19,2019-11-30T16:09:39.843738,46920,False,1,1,0.0
21320703,3995,A - clean,255.15,2019-11-30T16:10:41.835781,43575,False,1,1,0.0
21320701,95506,A - clean,295.87,2019-11-30T16:17:27.256217,99261,False,1,1,0.0
21320700,48470,A - clean,194.01,2019-11-30T16:19:14.318324,26647,False,1,1,0.0
21320699,12867,A - clean,1025.45,2019-11-30T16:20:16.529170,84385,False,1,1,0.0
21320698,33648,A - clean,179.38,2019-11-30T16:20:23.587153,52458,False,1,1,0.0
21320696,95827,A - clean,361.81,2019-11-30T16:32:50.283981,92029,False,1,1,0.0
21320695,2121,A - clean,427.17,2019-11-30T16:35:42.305513,85435,False,1,1,0.0
21320693,68861,A - clean,432.31,2019-11-30T16:40:00.548317,85435,False,1,1,0.0
21320692,947,A - clean,380.15,2019-11-30T16:41:25.811133,98758,False,1,1,0.0
21320691,29930,A - clean,435.95,2019-11-30T16:41:55.780900,85853,False,1,1,0.0
21320690,42873,A - clean,193.57,2019-11-30T16:42:58.844396,82034,False,1,1,0.0
21320689,5911,A - clean,571.64,2019-11-30T16:44:49.034970,90580,False,1,1,0.0
21320687,97248,A - clean,264.19,2019-11-30T16:52:22.903741,30688,False,1,1,0.0
21320686,24625,A - clean,1528.53,2019-11-30T16:54:11.847957,13551,False,1,2,0.0
21320685,7875,A - clean,294.33,2019-11-30T16:54:44.787805,41786,False,1,1,0.0
21320683,61626,A - clean,1084.13,2019-11-30T16:56:27.784715,42227,False,1,1,0.0
21320682,74964,A - clean,340.75,2019-11-30T16:57:24.656067,31497,False,1,1,0.0
21320681,70800,A - clean,281.02,2019-11-30T17:03:57.123902,74335,False,1,1,0.0
21320679,16564,A - clean,25.46,2019-11-30T17:09:10.594289,86964,False,1,1,0.0
21320678,64389,A - clean,3078.34,2019-11-30T17:10:18.706342,57668,False,1,1,0.0
21320677,84940,A - clean,5.81,2019-11-30T17:12:53.501552,38410,False,1,2,0.0
21320675,20407,A - clean,69.78,2019-11-30T17:13:44.796791,79326,False,1,1,0.0
21320674,99239,A - clean,341.56,2019-11-30T17:20:14.006996,39933,False,1,1,0.0
21320673,62507,A - clean,1670.5,2019-11-30T17:20:46.201335,44822,False,1,1,0.0
21320672,32330,A - clean,2975.55,2019-11-30T17:20:50.016970,35769,False,1,1,0.0
21320671,80367,A - clean,639.87,2019-11-30T17:21:19.029766,46335,False,1,1,0.0
21320670,89517,A - clean,715.64,2019-11-30T17:22:07.900354,71670,False,1,1,0.0
21320668,52386,A - clean,154.98,2019-11-30T17:22:33.489740,19528,False,1,1,0.0
21320667,99230,A - clean,189.05,2019-11-30T17:24:50.353296,96149,False,1,1,0.0
21320666,58713,A - clean,782.14,2019-11-30T17:26:28.351597,53016,False,1,1,0.0
21320665,21903,A - clean,347.01,2019-11-30T17:26:52.862636,21368,False,1,1,0.0
21320664,89413,A - clean,326.88,2019-11-30T17:29:01.876685,52554,False,1,1,0.0
21320663,34814,A - clean,747.81,2019-11-30T17:30:30.630595,4779,False,1,1,0.0
21320662,84721,A - clean,445.44,2019-11-30T17:32:58.019338,49527,False,1,1,0.0
21320660,48433,A - clean,200.96,2019-11-30T17:33:33.744411,9634,False,1,1,0.0
21320658,20975,A - clean,59.04,2019-11-30T17:41:38.826171,67361,False,1,1,0.0
21320657,17183,A - clean,345.89,2019-11-30T17:44:44.935889,84382,False,1,1,0.0
21320656,16394,A - clean,259.65,2019-11-30T17:45:51.222848,21087,False,1,1,0.0
21320653,73717,A - clean,296.8,2019-11-30T18:03:22.079876,36115,False,1,1,0.0
21320652,83880,A - clean,10.23,2019-11-30T18:03:54.596734,28708,False,1,1,0.0
21320651,54528,A - clean,665.13,2019-11-30T18:05:40.798238,56451,False,1,1,0.0
21320648,89231,A - clean,204.52,2019-11-30T18:11:54.307525,54826,False,1,1,0.0
21320647,76740,A - clean,248.61,2019-11-30T18:20:00.952260,24427,False,1,1,0.0
21320646,87358,A - clean,129.4,2019-11-30T18:24:48.336871,34188,False,1,1,0.0
21320645,45632,A - clean,212.27,2019-11-30T18:25:45.858078,96972,False,1,1,0.0
21320644,34289,A - clean,2174.53,2019-11-30T18:28:13.136676,7265,False,1,1,0.0
21320643,86528,A - clean,207.28,2019-11-30T18:30:30.625911,30431,False,1,1,0.0
21320642,56273,A - clean,310.62,2019-11-30T18:34:04.804383,7626,False,1,1,0.0
21320641,72222,A - clean,490.38,2019-11-30T18:41:16.227351,57682,False,1,1,0.0
21320640,49349,A - clean,203.33,2019-11-30T18:41:18.865364,91689,False,1,1,0.0
21320639,33684,A - clean,1664.66,2019-11-30T18:46:35.319812,52192,False,1,1,0.0
21320638,97499,A - clean,1737.64,2019-11-30T18:46:36.594834,41862,False,1,1,0.0
21320636,81167,A - clean,40.66,2019-11-30T18:49:08.308577,78601,False,1,1,0.0
21320635,28995,A - clean,2583.27,2019-11-30T18:58:16.167402,53539,False,1,1,0.0
21320634,34898,A - clean,2106.92,2019-11-30T18:58:16.218629,57854,False,1,1,0.0
21320633,59865,A - clean,416.0,2019-11-30T18:59:05.213255,1890,False,1,1,0.0
21320632,19117,A - clean,118.4,2019-11-30T19:00:52.821694,32620,False,1,1,0.0
21320630,62012,A - clean,402.92,2019-11-30T19:01:18.206705,12274,False,1,1,0.0
21320628,26036,A - clean,741.91,2019-11-30T19:03:50.646005,84389,False,1,1,0.0
21320626,37574,A - clean,80.08,2019-11-30T19:05:06.516381,42316,False,1,1,0.0
21320624,27279,A - clean,484.1,2019-11-30T19:07:21.731462,25149,False,1,1,0.0
21320623,92092,A - clean,10.15,2019-11-30T19:07:29.059142,4880,False,1,1,0.0
21320621,98028,A - clean,1667.22,2019-11-30T19:15:47.964098,49205,False,1,1,0.0
21320619,94431,A - clean,462.01,2019-11-30T19:18:26.027250,18107,False,1,1,0.0
21320618,48090,A - clean,192.37,2019-11-30T19:19:12.658117,30431,False,1,1,0.0
21320617,17643,A - clean,80.81,2019-11-30T19:19:42.946579,52165,False,1,1,0.0
21320616,15931,A - clean,496.78,2019-11-30T19:21:09.997430,80960,False,1,1,0.0
21320615,84481,A - clean,638.72,2019-11-30T19:21:25.332413,5142,False,1,1,0.0
21320613,78847,A - clean,303.37,2019-11-30T19:30:31.775837,90853,False,1,1,0.0
21320612,32203,A - clean,251.62,2019-11-30T19:30:49.822460,63705,False,1,1,0.0
21320610,67044,A - clean,287.64,2019-11-30T19:38:18.826522,13389,False,1,1,0.0
21320609,51343,A - clean,767.32,2019-11-30T19:42:03.426325,18455,False,1,1,0.0
21320608,95575,A - clean,156.26,2019-11-30T19:49:29.974181,84947,False,1,1,0.0
21320607,34397,A - clean,132.99,2019-11-30T19:51:51.458421,51634,False,1,1,0.0
21320606,99658,A - clean,30.32,2019-11-30T19:53:16.384344,97302,False,1,1,0.0
21320604,62307,A - clean,238.34,2019-11-30T19:55:19.748491,37980,False,1,1,0.0
21320603,25678,A - clean,319.01,2019-11-30T19:56:41.241643,97967,False,1,1,0.0
21320601,11844,A - clean,279.23,2019-11-30T20:00:24.211036,38755,False,1,1,0.0
21320600,81599,A - clean,50.32,2019-11-30T20:07:56.479151,2176,False,1,1,0.0
21320599,25789,A - clean,187.69,2019-11-30T20:10:59.102538,14267,False,1,1,0.0
21320598,16521,A - clean,10.4,2019-11-30T20:20:06.352892,97614,False,1,1,0.0
21320597,13261,A - clean,605.96,2019-11-30T20:21:13.984311,12555,False,1,1,0.0
21320596,16599,A - clean,952.25,2019-11-30T20:22:46.961999,96428,False,1,1,0.0
21320593,98559,A - clean,5.37,2019-11-30T20:27:36.889817,45188,False,1,1,0.0
21320592,73851,A - clean,373.11,2019-11-30T20:28:34.499019,40373,False,1,1,0.0
21320591,81587,A - clean,641.75,2019-11-30T20:29:36.106084,21087,False,1,1,0.0
21320590,4414,A - clean,620.51,2019-11-30T20:32:40.588248,29476,False,1,1,0.0
21320588,87211,A - clean,289.95,2019-11-30T20:47:29.577650,7555,False,1,1,0.0
21320587,92980,A - clean,249.41,2019-11-30T20:48:24.964288,14326,False,1,1,0.0
21320585,66763,A - clean,392.5,2019-11-30T20:55:03.064573,1657,False,1,1,0.0
21320584,73615,A - clean,317.1,2019-11-30T20:58:58.676803,96914,False,1,1,0.0
21320582,69596,A - clean,334.46,2019-11-30T21:01:01.575569,83996,False,1,1,0.0
21320580,93953,A - clean,297.83,2019-11-30T21:21:27.782713,41286,False,1,1,0.0
21320579,33423,A - clean,840.71,2019-11-30T21:24:43.911755,4681,False,1,1,0.0
21320578,12890,A - clean,251.68,2019-11-30T21:30:37.180960,80572,False,1,1,0.0
21320577,29700,A - clean,60.29,2019-11-30T21:31:04.727045,77639,False,1,1,0.0
21320576,90328,A - clean,1069.82,2019-11-30T21:31:51.425636,98484,False,1,1,0.0
21320573,24697,A - clean,137.05,2019-11-30T21:40:05.837571,36154,False,1,1,0.0
21320572,35108,A - clean,3258.81,2019-11-30T21:52:22.394056,1569,False,1,1,0.0
21320571,31621,A - clean,325.51,2019-11-30T21:59:24.989292,26059,False,1,1,0.0
21320567,27103,A - clean,197.5,2019-11-30T22:00:17.690890,44529,False,1,1,0.0
21320565,74151,A - clean,852.77,2019-11-30T22:06:51.658032,54029,False,1,1,0.0
21320564,36595,A - clean,1380.77,2019-11-30T22:07:24.824174,47537,False,1,1,0.0
21320563,95038,A - clean,205.84,2019-11-30T22:11:06.704251,74499,False,1,1,0.0
21320562,36328,A - clean,154.0,2019-11-30T22:13:05.050704,21796,False,1,1,0.0
21320561,12882,A - clean,504.68,2019-11-30T22:16:04.240954,18244,False,1,1,0.0
21320559,64038,A - clean,1021.29,2019-11-30T22:35:25.977390,70425,False,1,1,0.0
21320558,1283,A - clean,159.75,2019-11-30T22:50:54.690403,2962,False,1,1,0.0
21320555,31598,A - clean,292.66,2019-11-30T23:17:07.214057,74754,False,1,1,0.0
21320554,10563,A - clean,386.81,2019-11-30T23:23:28.713391,18980,False,1,1,0.0
21320553,42806,A - clean,307.58,2019-11-30T23:36:31.174418,58284,False,1,1,0.0
21320552,6332,A - clean,222.12,2019-11-30T23:39:27.831683,48515,False,1,1,0.0
21320551,71589,A - clean,353.49,2019-11-30T23:42:45.653491,74483,False,1,1,0.0
21320550,67650,A - clean,192.82,2019-11-30T23:45:26.325742,72376,False,1,1,0.0
21320549,2402,A - clean,223.04,2019-12-01T00:01:21.757108,46666,False,1,1,0.0
21320548,3020,A - clean,266.14,2019-12-01T00:35:10.314613,67928,False,1,1,0.0
21320547,70568,A - clean,80.63,2019-12-01T00:58:21.967324,7147,False,1,1,0.0
21320544,70017,A - clean,121.89,2019-12-01T01:28:58.254869,94669,False,1,1,0.0
21320543,52582,A - clean,866.54,2019-12-01T01:37:22.763325,57682,False,1,1,0.0
21320538,9096,A - clean,80.28,2019-12-01T01:57:44.007953,78480,False,1,1,0.0
21320537,70790,A - clean,270.03,2019-12-01T02:08:35.774379,68077,False,1,2,0.0
21320536,70790,A - clean,540.72,2019-12-01T02:16:11.464498,68077,False,1,2,0.0
21320535,15769,A - clean,188.24,2019-12-01T02:43:23.283248,46619,False,1,1,0.0
21320534,79528,A - clean,215.55,2019-12-01T03:13:54.885746,30308,False,1,1,0.0
21320530,32882,A - clean,546.33,2019-12-01T10:21:38.733139,91689,False,1,1,0.0
21320525,8682,A - clean,687.32,2019-12-01T11:09:04.662349,98913,False,1,1,0.0
21320523,3113,A - clean,276.96,2019-12-01T11:28:43.110750,51797,False,1,1,0.0
21320521,78395,A - clean,225.19,2019-12-01T11:44:13.944777,8358,False,1,1,0.0
21320520,46987,A - clean,10.08,2019-12-01T11:56:43.420641,54483,False,1,1,0.0
21320519,16236,A - clean,459.27,2019-12-01T11:58:10.440696,30681,False,1,1,0.0
21320516,97768,A - clean,274.94,2019-12-01T12:36:49.956740,70076,False,1,1,0.0
21320515,80599,A - clean,374.89,2019-12-01T12:45:28.548954,42230,False,1,1,0.0
21320514,32737,A - clean,1023.21,2019-12-01T12:48:03.364071,59566,False,1,1,0.0
21320513,34806,A - clean,551.27,2019-12-01T12:50:37.898245,28647,False,1,1,0.0
21320512,20799,A - clean,202.95,2019-12-01T12:56:00.760313,67952,False,1,1,0.0
21320510,45682,A - clean,398.23,2019-12-01T13:14:55.591167,71175,False,1,1,0.0
21320509,90716,A - clean,927.47,2019-12-01T13:29:58.645969,64437,False,1,1,0.0
21320508,48859,A - clean,507.12,2019-12-01T13:32:05.798945,90032,False,1,1,0.0
21320506,43730,A - clean,343.36,2019-12-01T13:43:03.927907,39528,False,1,2,0.0
21320505,70650,A - clean,150.21,2019-12-01T13:43:29.558195,56502,False,1,1,0.0
21320504,17025,A - clean,2143.01,2019-12-01T13:44:54.425288,62891,False,1,1,0.0
21320503,24055,A - clean,649.3,2019-12-01T13:44:54.794643,52165,False,1,1,0.0
21320502,66026,A - clean,1145.76,2019-12-01T13:50:44.957978,44870,False,1,1,0.0
21320501,56854,A - clean,272.11,2019-12-01T13:50:59.278630,41916,False,1,1,0.0
21320500,46692,A - clean,1021.15,2019-12-01T13:54:04.404661,81061,False,1,1,0.0
21320499,83604,A - clean,415.94,2019-12-01T13:56:10.373058,84078,False,1,1,0.0
21320496,28428,A - clean,77.94,2019-12-01T14:03:31.205173,87936,False,1,1,0.0
21320495,20841,A - clean,207.94,2019-12-01T14:05:27.126733,61111,False,1,1,0.0
21320493,31255,A - clean,65.34,2019-12-01T14:10:50.581221,26502,False,1,1,0.0
21320492,11067,A - clean,90.62,2019-12-01T14:11:48.122982,7555,False,1,1,0.0
21320491,51465,A - clean,27.6,2019-12-01T14:12:14.494557,96863,False,1,1,0.0
21320489,54781,A - clean,392.65,2019-12-01T14:34:12.654142,56618,False,1,1,0.0
21320488,60308,A - clean,265.39,2019-12-01T14:42:16.583700,35579,False,1,1,0.0
21320487,78513,A - clean,359.09,2019-12-01T14:42:27.845081,13019,False,1,1,0.0
21320483,38921,A - clean,99.64,2019-12-01T14:48:09.360295,30753,False,1,1,0.0
21320482,12621,A - clean,149.14,2019-12-01T14:48:54.837619,3057,False,1,1,0.0
21320481,16064,A - clean,796.83,2019-12-01T14:56:42.196284,88252,False,1,1,0.0
21320479,1518,A - clean,80.39,2019-12-01T15:10:27.229305,28785,False,1,1,0.0
21320478,55544,A - clean,2750.3,2019-12-01T15:10:31.059068,84546,False,1,2,0.0
21320477,28025,A - clean,460.1,2019-12-01T15:11:10.463572,65640,False,1,1,0.0
21320476,45300,A - clean,264.11,2019-12-01T15:19:08.759190,16221,False,1,1,0.0
21320475,43608,A - clean,616.13,2019-12-01T15:23:17.587693,90032,False,1,1,0.0
21320474,86071,A - clean,614.22,2019-12-01T15:32:52.775029,92089,False,1,1,0.0
21320473,79564,A - clean,398.47,2019-12-01T15:44:42.139806,22454,False,1,1,0.0
21320472,93869,A - clean,1158.99,2019-12-01T15:45:55.211380,37267,False,1,1,0.0
21320471,25617,A - clean,1921.08,2019-12-01T15:46:34.313006,66430,False,1,1,0.0
21320470,52694,A - clean,415.98,2019-12-01T15:54:26.653409,16298,False,1,1,0.0
21320469,65457,A - clean,236.64,2019-12-01T15:56:08.670378,35140,False,1,1,0.0
21320468,85628,A - clean,361.19,2019-12-01T15:57:01.401091,26647,False,1,1,0.0
21320467,79699,A - clean,706.62,2019-12-01T16:01:52.834231,90032,False,1,1,0.0
21320466,3050,A - clean,298.18,2019-12-01T16:15:35.144095,81229,False,1,1,0.0
21320465,42624,A - clean,227.94,2019-12-01T16:28:17.877150,72751,False,1,1,0.0
21320464,69540,A - clean,670.0,2019-12-01T16:30:47.691180,18329,False,1,1,0.0
21320463,59544,A - clean,835.95,2019-12-01T16:37:32.177224,96863,False,1,1,0.0
21320462,29278,A - clean,314.03,2019-12-01T16:39:04.485465,65760,False,1,1,0.0
21320461,28715,A - clean,186.66,2019-12-01T16:40:47.765725,18236,False,1,1,0.0
21320459,85253,A - clean,344.04,2019-12-01T16:44:06.559139,21087,False,1,1,0.0
21320457,44362,A - clean,197.82,2019-12-01T16:49:10.332055,22986,False,1,1,0.0
21320456,39744,A - clean,790.71,2019-12-01T16:50:50.013737,71549,False,1,1,0.0
21320455,11648,A - clean,815.82,2019-12-01T16:52:14.140796,47242,False,1,1,0.0
21320452,53472,A - clean,1264.52,2019-12-01T16:57:12.155594,33903,False,1,1,0.0
21320451,3060,A - clean,20.06,2019-12-01T17:11:41.417862,85243,False,1,1,0.0
21320448,96273,A - clean,398.63,2019-12-01T17:42:52.766409,46182,False,1,1,0.0
21320447,8359,A - clean,267.65,2019-12-01T17:47:09.350513,59574,False,1,1,0.0
21320446,90229,A - clean,222.74,2019-12-01T17:57:00.576818,91072,False,1,1,0.0
21320445,94988,A - clean,360.2,2019-12-01T18:16:12.958724,64641,False,1,1,0.0
21320444,84536,A - clean,1384.6,2019-12-01T18:17:02.141073,80642,False,1,1,0.0
21320443,23123,A - clean,365.77,2019-12-01T18:26:02.404181,60510,False,1,2,0.0
21320442,47893,A - clean,217.01,2019-12-01T18:28:10.773751,36258,False,1,1,0.0
21320440,37462,A - clean,247.18,2019-12-01T18:33:36.590582,8377,False,1,1,0.0
21320439,38003,A - clean,2332.18,2019-12-01T18:33:44.530659,5868,False,1,1,0.0
21320438,78309,A - clean,1624.44,2019-12-01T18:35:49.200503,71094,False,1,1,0.0
21320437,22142,A - clean,573.93,2019-12-01T18:35:57.617754,32384,False,1,1,0.0
21320436,80202,A - clean,178.02,2019-12-01T18:36:47.601739,28785,False,1,1,0.0
21320434,67966,A - clean,50.53,2019-12-01T18:54:40.713736,88619,False,1,1,0.0
21320433,41424,A - clean,916.68,2019-12-01T19:07:37.042047,16136,False,1,1,0.0
21320431,4800,A - clean,342.32,2019-12-01T19:12:46.651625,44529,False,1,1,0.0
21320427,184,A - clean,223.63,2019-12-01T19:23:45.202875,20498,False,1,1,0.0
21320425,7348,A - clean,701.18,2019-12-01T19:29:43.533565,31644,False,1,1,0.0
21320423,7961,A - clean,2022.55,2019-12-01T19:31:34.252192,30180,False,1,1,0.0
21320422,6714,A - clean,20.32,2019-12-01T19:34:54.468179,44519,False,1,1,0.0
21320421,41027,A - clean,221.63,2019-12-01T19:35:36.692019,23451,False,1,1,0.0
21320420,47303,A - clean,1126.56,2019-12-01T19:36:09.267065,58185,False,1,1,0.0
21320419,18009,A - clean,296.27,2019-12-01T19:44:40.414039,3788,False,1,1,0.0
21320417,89366,A - clean,527.13,2019-12-01T19:56:11.691107,94325,False,1,1,0.0
21320416,6434,A - clean,396.84,2019-12-01T19:56:26.207496,97583,False,1,1,0.0
21320415,76014,A - clean,243.18,2019-12-01T20:07:06.538570,10016,False,1,1,0.0
21320414,79874,A - clean,539.91,2019-12-01T20:18:33.089817,81316,False,1,1,0.0
21320413,81669,A - clean,31.94,2019-12-01T20:28:58.300822,56107,False,1,1,0.0
21320412,39024,A - clean,471.66,2019-12-01T20:29:10.619095,54,False,1,1,0.0
21320410,25484,A - clean,498.32,2019-12-01T20:42:48.072667,22918,False,1,1,0.0
21320409,6,A - clean,443.9,2019-12-01T20:44:48.109011,32954,False,1,1,0.0
21320404,25661,A - clean,318.37,2019-12-01T21:25:19.532243,20917,False,1,1,0.0
21320403,40759,A - clean,60.49,2019-12-01T21:25:53.374213,59566,False,1,1,0.0
21320402,64367,A - clean,55.36,2019-12-01T21:30:53.347051,54075,False,1,1,0.0
21320400,14777,A - clean,760.36,2019-12-01T22:22:43.021495,47759,False,1,1,0.0
21320398,97051,A - clean,374.56,2019-12-01T23:16:32.812632,29744,False,1,1,0.0
